[1/229] Solving full-7-15-5.txt ... 
[1/229] Solving drand-10-110-1.txt ... 
  nIP...   nIP... Version identifier: 22.1.1.0 | 2022-11-28 | 9160aff4d
CPXPARAM_Threads                                 4
CPXPARAM_TimeLimit                               3600
Tried aggregator 1 time.
MIP Presolve eliminated 16 rows and 7 columns.
MIP Presolve modified 950 coefficients.
Reduced MIP has 828 rows, 371 columns, and 3126 nonzeros.
Reduced MIP has 363 binaries, 8 generals, 0 SOSs, and 0 indicators.
Presolve time = 0.00 sec. (2.77 ticks)
Version identifier: 22.1.1.0 | 2022-11-28 | 9160aff4d
CPXPARAM_Threads                                 4
CPXPARAM_TimeLimit                               3600
Tried aggregator 1 time.
MIP Presolve eliminated 34 rows and 15 columns.
MIP Presolve modified 1273 coefficients.
Reduced MIP has 1094 rows, 477 columns, and 4021 nonzeros.
Reduced MIP has 470 binaries, 7 generals, 0 SOSs, and 0 indicators.
Presolve time = 0.00 sec. (3.58 ticks)
Probing fixed 9 vars, tightened 0 bounds.
Probing time = 0.01 sec. (14.46 ticks)
Tried aggregator 1 time.
Detecting symmetries...
MIP Presolve eliminated 17 rows and 9 columns.
MIP Presolve modified 22 coefficients.
Reduced MIP has 811 rows, 362 columns, and 3065 nonzeros.
Reduced MIP has 354 binaries, 8 generals, 0 SOSs, and 0 indicators.
Presolve time = 0.00 sec. (2.08 ticks)
Probing time = 0.00 sec. (3.55 ticks)
Clique table members: 1759.
MIP emphasis: balance optimality and feasibility.
MIP search method: dynamic search.
Parallel mode: deterministic, using up to 4 threads.
Root relaxation solution time = 0.01 sec. (2.47 ticks)

        Nodes                                         Cuts/
   Node  Left     Objective  IInf  Best Integer    Best Bound    ItCnt     Gap

      0     0        6.0000    36                      6.0000      134         
Probing fixed 25 vars, tightened 0 bounds.
Probing time = 0.02 sec. (43.11 ticks)
Tried aggregator 1 time.
Detecting symmetries...
MIP Presolve eliminated 49 rows and 25 columns.
Reduced MIP has 1045 rows, 452 columns, and 3826 nonzeros.
Reduced MIP has 445 binaries, 7 generals, 0 SOSs, and 0 indicators.
Presolve time = 0.00 sec. (3.91 ticks)
      0     0        6.0000    24                    Cuts: 19      160         
      0     0        6.0000    26                    Cuts: 47      220         
Probing time = 0.00 sec. (3.75 ticks)
Clique table members: 2254.
MIP emphasis: balance optimality and feasibility.
MIP search method: dynamic search.
Parallel mode: deterministic, using up to 4 threads.
      0     0        6.0000    30                    Cuts: 34      289         
Root relaxation solution time = 0.01 sec. (6.43 ticks)

        Nodes                                         Cuts/
   Node  Left     Objective  IInf  Best Integer    Best Bound    ItCnt     Gap

      0     0        7.0000   101                      7.0000      263         
      0     0        7.0000    41                    Cuts: 15      275         
      0     0        7.0000    53                    Cuts: 67      340         
*     0+    0                            9.0000        6.0000            33.33%
      0     0        7.0000    45                    Cuts: 30      372         
      0     0        7.0000    42                    Cuts: 55      402         
Detecting symmetries...
      0     2        7.0000    32                      7.0000      402         
Elapsed time = 0.10 sec. (181.60 ticks, tree = 0.02 MB, solutions = 0)
Detecting symmetries...
      0     2        6.0000    18        9.0000        6.0000      289   33.33%
Elapsed time = 0.17 sec. (257.96 ticks, tree = 0.02 MB, solutions = 1)
   1520   488        7.0189    46                      7.0000    18549         
   2560  1022        8.0000     8        9.0000        6.0000    15010   33.33%
   2805  1005        7.0056    50                      7.0000    38313         

Performing restart 1

Repeating presolve.
Tried aggregator 1 time.
MIP Presolve eliminated 155 rows and 73 columns.
Reduced MIP has 656 rows, 289 columns, and 2412 nonzeros.
Reduced MIP has 282 binaries, 7 generals, 0 SOSs, and 0 indicators.
Presolve time = 0.00 sec. (1.48 ticks)
Tried aggregator 1 time.
MIP Presolve eliminated 17 rows and 9 columns.
MIP Presolve modified 22 coefficients.
Reduced MIP has 639 rows, 280 columns, and 2351 nonzeros.
Reduced MIP has 273 binaries, 7 generals, 0 SOSs, and 0 indicators.
Presolve time = 0.00 sec. (1.35 ticks)

Performing restart 1

Repeating presolve.
Tried aggregator 1 time.
MIP Presolve eliminated 6 rows and 3 columns.
MIP Presolve modified 60 coefficients.
Reduced MIP has 1039 rows, 449 columns, and 3805 nonzeros.
Reduced MIP has 442 binaries, 7 generals, 0 SOSs, and 0 indicators.
Presolve time = 0.00 sec. (2.06 ticks)
Tried aggregator 1 time.
MIP Presolve modified 2 coefficients.
Reduced MIP has 639 rows, 280 columns, and 2351 nonzeros.
Reduced MIP has 273 binaries, 7 generals, 0 SOSs, and 0 indicators.
Presolve time = 0.00 sec. (1.63 ticks)
Represolve time = 0.01 sec. (20.31 ticks)
Tried aggregator 1 time.
Reduced MIP has 1039 rows, 449 columns, and 3805 nonzeros.
Reduced MIP has 442 binaries, 7 generals, 0 SOSs, and 0 indicators.
Presolve time = 0.00 sec. (2.54 ticks)
Represolve time = 0.01 sec. (23.14 ticks)
   4343     0        6.0000    23        9.0000      Cuts: 29    28142   33.33%
   4343     0        6.0000    25        9.0000      Cuts: 44    28184   33.33%
   3615     0        7.0000    62                   Cuts: 228    52290         
   4343     0        6.0000    22        9.0000       Cuts: 4    28197   33.33%
   4343     0        6.0000    25        9.0000     Cuts: 113    28221   33.33%
   3615     0        7.0000    50                   Cuts: 187    52337         
   3615     0        7.0000    47                   Cuts: 121    52387         
   3615     0        7.0000    47                   Cuts: 163    52434         
   3615     0        7.0000    45                    Cuts: 96    52453         
   4343     2        6.0000    14        9.0000        6.0000    28221   33.33%
   3615     0        7.0000    56                   Cuts: 152    52520         
   3615     0        7.0000    49                    Cuts: 16    52565         
   3615     0        7.0000    50                   Cuts: 134    52657         
   3615     2        7.0000    39                      7.0000    52657         
   4987   234        7.0000    12        9.0000        6.0000    30947   33.33%
   4101   131        8.0000    28                      7.0000    57192         
   6368  1026        7.0000     8        9.0000        6.0000    37034   33.33%
   5431   652        8.0000    24                      7.0000    65430         
   8030  1926        8.0000    17        9.0000        6.0000    44920   33.33%
   6388   974        7.0000    28                      7.0000    73299         
  10689  3641        7.0000    14        9.0000        6.0000    58110   33.33%
   7608  1323        7.0174    46                      7.0000    78960         
  13409  5287        8.0000     8        9.0000        6.0000    73204   33.33%
  16573  7283        7.0000     8        9.0000        6.0000    91293   33.33%
   8611  1887        7.0376    30                      7.0000    87152         
  20065  8228        8.0000     8        9.0000        6.0000    99540   33.33%
   9708  2322        7.0000    37                      7.0000    95934         
*  9788  2455      integral     0        8.0000        7.0000    99187   12.50%
  31053 15568        8.0000     9        9.0000        6.0000   158137   33.33%
Elapsed time = 2.63 sec. (3534.92 ticks, tree = 5.50 MB, solutions = 1)
* 32769+14084                            8.0000        6.0000            25.00%

Performing restart 2

Repeating presolve.
Tried aggregator 1 time.
MIP Presolve eliminated 75 rows and 62 columns.
MIP Presolve modified 10 coefficients.
Reduced MIP has 564 rows, 218 columns, and 2810 nonzeros.
Reduced MIP has 211 binaries, 7 generals, 0 SOSs, and 0 indicators.
Presolve time = 0.00 sec. (2.85 ticks)
Tried aggregator 1 time.
MIP Presolve eliminated 27 rows and 9 columns.
MIP Presolve modified 59 coefficients.
Reduced MIP has 537 rows, 209 columns, and 2625 nonzeros.
Reduced MIP has 202 binaries, 7 generals, 0 SOSs, and 0 indicators.
Presolve time = 0.00 sec. (2.17 ticks)
  13554   188        7.0000    41        8.0000        7.0000   118092   12.50%
Elapsed time = 3.11 sec. (3605.40 ticks, tree = 0.23 MB, solutions = 1)
Tried aggregator 1 time.
MIP Presolve eliminated 14 rows and 7 columns.
Reduced MIP has 523 rows, 202 columns, and 2496 nonzeros.
Reduced MIP has 195 binaries, 7 generals, 0 SOSs, and 0 indicators.
Presolve time = 0.00 sec. (1.92 ticks)
Tried aggregator 1 time.
Reduced MIP has 523 rows, 202 columns, and 2496 nonzeros.
Reduced MIP has 195 binaries, 7 generals, 0 SOSs, and 0 indicators.
Presolve time = 0.00 sec. (1.62 ticks)
Represolve time = 0.02 sec. (25.72 ticks)

Performing restart 2

Repeating presolve.
  38221     0        6.0000    23        8.0000       Cuts: 8   198294   25.00%
Tried aggregator 1 time.
MIP Presolve eliminated 162 rows and 108 columns.
MIP Presolve modified 151 coefficients.
Reduced MIP has 877 rows, 341 columns, and 4179 nonzeros.
Reduced MIP has 334 binaries, 7 generals, 0 SOSs, and 0 indicators.
Presolve time = 0.00 sec. (4.08 ticks)
  38221     0        6.0000    23        8.0000      Cuts: 77   198330   25.00%
Tried aggregator 1 time.
MIP Presolve eliminated 17 rows and 9 columns.
MIP Presolve modified 35 coefficients.
Reduced MIP has 860 rows, 332 columns, and 4024 nonzeros.
Reduced MIP has 325 binaries, 7 generals, 0 SOSs, and 0 indicators.
Presolve time = 0.00 sec. (2.99 ticks)
Tried aggregator 1 time.
MIP Presolve eliminated 5 rows and 3 columns.
Reduced MIP has 855 rows, 329 columns, and 3988 nonzeros.
Reduced MIP has 322 binaries, 7 generals, 0 SOSs, and 0 indicators.
Presolve time = 0.00 sec. (2.62 ticks)
  38221     0        6.0000    22        8.0000      Cuts: 18   198349   25.00%
Represolve time = 0.02 sec. (38.26 ticks)
  38221     0        6.0000    21        8.0000      Cuts: 18   198358   25.00%
  38221     0        6.0000    22        8.0000      Cuts: 59   198367   25.00%
  38221     0        6.0000    19        8.0000       Cuts: 5   198380   25.00%
  14020     0        7.0000    47        8.0000      Cuts: 44   123919   12.50%
  38221     0        6.0000    23        8.0000     Cuts: 132   198390   25.00%
  14020     0        7.0000    48        8.0000      Cuts: 92   123963   12.50%
  38221     2        6.0000    17        8.0000        6.0000   198390   25.00%
  14020     0        7.0000    35        8.0000       Cuts: 2   123977   12.50%
  14020     0        7.0000    58        8.0000     Cuts: 235   124067   12.50%
  14020     0        7.0000    45        8.0000      Cuts: 19   124123   12.50%
  14020     0        7.0000    43        8.0000     Cuts: 118   124182   12.50%
  14020     0        7.0000    40        8.0000      Cuts: 13   124227   12.50%
  14020     0        7.0000    39        8.0000      Cuts: 47   124271   12.50%
  14020     0        7.0000    40        8.0000      Cuts: 11   124291   12.50%
  14210    41        7.0000    31        8.0000        7.0000   129456   12.50%
  40881   975        6.0000    10        8.0000        6.0000   231912   25.00%
  44805  2200        6.5062    19        8.0000        6.0000   296405   25.00%
  15125    16    infeasible              8.0000        7.0000   156561   12.50%

GUB cover cuts applied:  2
Clique cuts applied:  4
Cover cuts applied:  14
Implied bound cuts applied:  3
Flow cuts applied:  1
Mixed integer rounding cuts applied:  9
Zero-half cuts applied:  2
Gomory fractional cuts applied:  1

Root node processing (before b&c):
  Real time             =    0.10 sec. (181.18 ticks)
Parallel b&c, 4 threads:
  Real time             =    4.65 sec. (5385.38 ticks)
  Sync time (average)   =    1.17 sec.
  Wait time (average)   =    0.00 sec.
                          ------------
Total (root+branch&cut) =    4.75 sec. (5566.56 ticks)
nFEAS... [BinarySearch] Testing t = 7 in range [7, 8] ...   49324  4190        6.0000    12        8.0000        6.0000   350597   25.00%
  54219  5898        6.0277    28        8.0000        6.0000   405761   25.00%
FEASIBLE
nMAX... 
  IP... Version identifier: 22.1.1.0 | 2022-11-28 | 9160aff4d
CPXPARAM_Threads                                 4
CPXPARAM_TimeLimit                               3600
Tried aggregator 1 time.
MIP Presolve eliminated 196 rows and 93 columns.
MIP Presolve modified 10559 coefficients.
Reduced MIP has 8100 rows, 3878 columns, and 34340 nonzeros.
Reduced MIP has 3857 binaries, 21 generals, 0 SOSs, and 0 indicators.
Presolve time = 0.02 sec. (27.09 ticks)
Probing time = 0.02 sec. (15.02 ticks)
Tried aggregator 1 time.
Detecting symmetries...
Reduced MIP has 8100 rows, 3878 columns, and 34340 nonzeros.
Reduced MIP has 3857 binaries, 21 generals, 0 SOSs, and 0 indicators.
Presolve time = 0.01 sec. (20.35 ticks)
  58808  7767        7.0000    11        8.0000        6.0000   472612   25.00%
Probing time = 0.01 sec. (12.69 ticks)
Clique table members: 17502.
MIP emphasis: balance optimality and feasibility.
MIP search method: dynamic search.
Parallel mode: deterministic, using up to 4 threads.
Root relaxation solution time = 0.11 sec. (38.92 ticks)

        Nodes                                         Cuts/
   Node  Left     Objective  IInf  Best Integer    Best Bound    ItCnt     Gap

      0     0        7.0000   125                      7.0000      490         
*     0+    0                           12.0000        7.0000            41.67%
      0     0        7.0000    43       12.0000       Cuts: 2      493   41.67%
      0     0        7.0000    46       12.0000      Cuts: 17      588   41.67%
  63612  9204        7.0000    13        8.0000        6.0000   541208   25.00%
Detecting symmetries...

Repeating presolve.
Tried aggregator 1 time.
MIP Presolve eliminated 6049 rows and 2945 columns.
Reduced MIP has 2051 rows, 933 columns, and 8050 nonzeros.
Reduced MIP has 923 binaries, 10 generals, 0 SOSs, and 0 indicators.
Presolve time = 0.00 sec. (7.63 ticks)
Probing time = 0.00 sec. (5.42 ticks)
Tried aggregator 1 time.
Detecting symmetries...
Reduced MIP has 2051 rows, 933 columns, and 8050 nonzeros.
Reduced MIP has 923 binaries, 10 generals, 0 SOSs, and 0 indicators.
Presolve time = 0.00 sec. (5.04 ticks)
Represolve time = 0.01 sec. (23.65 ticks)
Probing fixed 39 vars, tightened 0 bounds.
Probing time = 0.08 sec. (196.23 ticks)
Clique table members: 4551.
MIP emphasis: balance optimality and feasibility.
MIP search method: dynamic search.
Parallel mode: deterministic, using up to 4 threads.
Root relaxation solution time = 0.01 sec. (9.70 ticks)

        Nodes                                         Cuts/
   Node  Left     Objective  IInf  Best Integer    Best Bound    ItCnt     Gap

*     0+    0                           12.0000        7.0000            41.67%
      0     0        7.0000   112       12.0000        7.0000      837   41.67%
      0     0        7.0000    60       12.0000     Cuts: 123      906   41.67%
      0     0        7.0000    55       12.0000      Cuts: 34      929   41.67%
      0     0        7.0000    52       12.0000       Cuts: 9      938   41.67%
      0     0        7.0000    50       12.0000      Cuts: 10      952   41.67%
      0     0        7.0000    39       12.0000       Cuts: 2      956   41.67%
Detecting symmetries...
      0     0        7.0000    40       12.0000      Cuts: 14      973   41.67%
Detecting symmetries...
      0     2        7.0000    40       12.0000        7.0000      973   41.67%
Elapsed time = 1.15 sec. (1738.28 ticks, tree = 0.02 MB, solutions = 1)
  69191 10987        7.0000    13        8.0000        6.0000   612259   25.00%
    769   529        8.0078    39       12.0000        7.0000     8353   41.67%
   1797  1552        8.0000    24       12.0000        7.0000    16255   41.67%
*  1926  1607      integral     0       11.0000        7.0000    17364   36.36%

Performing restart 1

Repeating presolve.
Tried aggregator 1 time.
MIP Presolve eliminated 385 rows and 185 columns.
Reduced MIP has 1666 rows, 748 columns, and 6410 nonzeros.
Reduced MIP has 739 binaries, 9 generals, 0 SOSs, and 0 indicators.
Presolve time = 0.00 sec. (5.89 ticks)
Tried aggregator 1 time.
MIP Presolve eliminated 50 rows and 25 columns.
Reduced MIP has 1616 rows, 723 columns, and 6211 nonzeros.
Reduced MIP has 714 binaries, 9 generals, 0 SOSs, and 0 indicators.
Presolve time = 0.00 sec. (5.09 ticks)
Tried aggregator 1 time.
Reduced MIP has 1616 rows, 723 columns, and 6211 nonzeros.
Reduced MIP has 714 binaries, 9 generals, 0 SOSs, and 0 indicators.
Presolve time = 0.00 sec. (4.07 ticks)
Represolve time = 0.07 sec. (177.58 ticks)
  74512 12553        6.0679    23        8.0000        6.0000   691355   25.00%
   2311     0        7.0000    69       11.0000     Cuts: 110    21894   36.36%
   2311     0        7.0000    60       11.0000      Cuts: 93    21950   36.36%
   2311     0        7.0000    47       11.0000     Cuts: 112    21995   36.36%
   2311     0        7.0000    62       11.0000     Cuts: 220    22071   36.36%
   2311     0        7.0000    52       11.0000     Cuts: 104    22124   36.36%
   2311     0        7.0000    46       11.0000      Cuts: 78    22161   36.36%
   2311     0        7.0000    47       11.0000      Cuts: 50    22211   36.36%
   2311     0        7.0000    31       11.0000       Cuts: 3    22224   36.36%
   2311     0        7.0000    63       11.0000     Cuts: 354    22303   36.36%
   2311     0        7.0000    46       11.0000      Cuts: 61    22330   36.36%
   2311     0        7.0000    42       11.0000     Cuts: 348    22383   36.36%
  79641 13870        6.0000    15        8.0000        6.0000   765228   25.00%
Elapsed time = 8.56 sec. (13106.07 ticks, tree = 4.32 MB, solutions = 2)
   2311     2        7.0000    30       11.0000        7.0000    22383   36.36%
   2364    21        8.0000    34       11.0000        7.0000    22877   36.36%
   2696   129       10.0000    26       11.0000        7.0000    24176   36.36%
  84161 15253        6.0000    15        8.0000        6.0000   828712   25.00%
   3225   372        9.0000    29       11.0000        7.0000    26746   36.36%
   3229   572        9.0000    27       11.0000        7.0000    28449   36.36%
   4429  1111        8.0000    33       11.0000        7.0000    33540   36.36%
   5562  2074        8.0111    53       11.0000        7.0000    41657   36.36%
  89196 16824        7.0000    18        8.0000        6.0000   898062   25.00%
  10034  5433        9.0000    37       11.0000        7.0000    66325   36.36%
Elapsed time = 3.98 sec. (6155.88 ticks, tree = 3.43 MB, solutions = 2)
  14358  8720    infeasible             11.0000        7.0000    84886   36.36%
  94353 18579        6.0000    11        8.0000        6.0000   970513   25.00%
  19381 12266        8.0000    20       11.0000        7.0000   105825   36.36%
  99185 20347        6.0439    26        8.0000        6.0000  1042100   25.00%
  23920 15830        9.0000    36       11.0000        7.0000   125984   36.36%
  27191 18901        9.0000    35       11.0000        7.0000   148117   36.36%
* 30643 19629      integral     0       10.0000        7.0000   154585   30.00%
  31389 12439        9.0000    29       10.0000        7.0000   167565   30.00%
 104196 21760        7.0000     8        8.0000        6.0000  1103891   25.00%
  35608 15268        8.0000    29       10.0000        7.0000   192233   30.00%
  40046 18032        9.0000    18       10.0000        7.0000   219315   30.00%
 109425 23520        7.0000    10        8.0000        6.0000  1182773   25.00%
  44318 21448        9.0000    22       10.0000        7.0000   251282   30.00%
 114942 25031        6.0000    21        8.0000        6.0000  1255549   25.00%
  48236 23498        9.0000    17       10.0000        7.0000   276126   30.00%
 120063 26608    infeasible              8.0000        6.0000  1330291   25.00%

Performing restart 2

Repeating presolve.
Tried aggregator 1 time.
MIP Presolve eliminated 131 rows and 128 columns.
Reduced MIP has 1485 rows, 595 columns, and 7724 nonzeros.
Reduced MIP has 586 binaries, 9 generals, 0 SOSs, and 0 indicators.
Presolve time = 0.00 sec. (5.08 ticks)
Tried aggregator 1 time.
MIP Presolve eliminated 56 rows and 13 columns.
MIP Presolve modified 64 coefficients.
Reduced MIP has 1429 rows, 582 columns, and 7092 nonzeros.
Reduced MIP has 573 binaries, 9 generals, 0 SOSs, and 0 indicators.
Presolve time = 0.00 sec. (6.78 ticks)
Tried aggregator 1 time.
MIP Presolve eliminated 4 rows and 0 columns.
MIP Presolve modified 7 coefficients.
Reduced MIP has 1425 rows, 582 columns, and 7078 nonzeros.
Reduced MIP has 573 binaries, 9 generals, 0 SOSs, and 0 indicators.
Presolve time = 0.00 sec. (5.03 ticks)
Represolve time = 0.06 sec. (102.21 ticks)
  49995     0        7.0000    55       10.0000      Cuts: 23   294286   30.00%
  49995     0        7.0000    53       10.0000     Cuts: 178   294337   30.00%
 124872 28414        6.0000    11        8.0000        6.0000  1402699   25.00%
  49995     0        7.0000    62       10.0000     Cuts: 144   294415   30.00%
  49995     0        7.0000    46       10.0000       Cuts: 2   294432   30.00%
  49995     0        7.0000    49       10.0000     Cuts: 218   294479   30.00%
  49995     0        7.0000    46       10.0000      Cuts: 36   294525   30.00%
  49995     0        7.0000    40       10.0000      Cuts: 15   294557   30.00%
  49995     0        7.0000    50       10.0000     Cuts: 120   294610   30.00%
  49995     0        7.0000    54       10.0000     Cuts: 108   294661   30.00%
 129738 30156        7.0000     6        8.0000        6.0000  1474569   25.00%
Elapsed time = 16.44 sec. (22644.82 ticks, tree = 9.45 MB, solutions = 2)
  49995     2        7.0000    37       10.0000        7.0000   294661   30.00%
Elapsed time = 10.33 sec. (16524.19 ticks, tree = 0.02 MB, solutions = 3)
 134970 31898        6.0670    25        8.0000        6.0000  1538979   25.00%
  50256    83        9.0000    35       10.0000        7.0000   300918   30.00%
 141153 32284    infeasible              8.0000        6.8676  1605194   14.16%
 147736 29632    infeasible              8.0000        7.0000  1675796   12.50%
  50950   462        9.0000    29       10.0000        7.0000   310194   30.00%
 154218 27066    infeasible              8.0000        7.0000  1746647   12.50%
  51956  1105        8.0000    22       10.0000        7.0000   321517   30.00%
 160209 25052    infeasible              8.0000        7.0000  1823997   12.50%
 166399 22700        7.0000     6        8.0000        7.0000  1904223   12.50%
  52908  1799        8.0000    24       10.0000        7.0000   333519   30.00%
 172894 20710    infeasible              8.0000        7.0000  1968534   12.50%
* 53556  2125      integral     0        9.0000        7.0000   342053   22.22%
 178956 18843    infeasible              8.0000        7.0000  2056147   12.50%
  53701  1169        8.0000    37        9.0000        7.0000   346374   22.22%
 185041 17383    infeasible              8.0000        7.0000  2127777   12.50%
  54529  1522        8.0000    29        9.0000        7.0000   362730   22.22%
 191028 15957    infeasible              8.0000        7.0000  2198093   12.50%
Elapsed time = 21.77 sec. (32183.10 ticks, tree = 5.57 MB, solutions = 2)
 196911 14246        7.0000    18        8.0000        7.0000  2283025   12.50%
  55348  1921        8.0000    28        9.0000        7.0000   388038   22.22%
 202779 12954        7.0000    20        8.0000        7.0000  2356312   12.50%
  56316  2357        7.0000    25        9.0000        7.0000   409805   22.22%
 208790 11435        7.0000    14        8.0000        7.0000  2435863   12.50%
 214890  9984    infeasible              8.0000        7.0000  2513664   12.50%
  57225  2648        8.0000    26        9.0000        7.0000   432543   22.22%
 221051  8835        7.0000    12        8.0000        7.0000  2582329   12.50%
* 57583  2696      integral     0        8.0000        7.0000   441146   12.50%
 227510  7805    infeasible              8.0000        7.0000  2653849   12.50%
  58487   263    infeasible              8.0000        7.0000   455952   12.50%
Elapsed time = 18.97 sec. (26071.45 ticks, tree = 0.80 MB, solutions = 5)
 233853  6101    infeasible              8.0000        7.0000  2743994   12.50%
  59270     7    infeasible              8.0000        7.0000   482514   12.50%

GUB cover cuts applied:  3
Clique cuts applied:  3
Cover cuts applied:  1
Flow cuts applied:  1
Mixed integer rounding cuts applied:  1

Root node processing (before b&c):
  Real time             =    1.15 sec. (1737.68 ticks)
Parallel b&c, 4 threads:
  Real time             =   18.60 sec. (25518.48 ticks)
  Sync time (average)   =    4.49 sec.
  Wait time (average)   =    0.00 sec.
                          ------------
Total (root+branch&cut) =   19.75 sec. (27256.16 ticks)
FEAS... [BinarySearch] Testing t = 14 in range [7, 22] ...  240210  4855    infeasible              8.0000        7.0000  2814471   12.50%
FEASIBLE
[BinarySearch] Testing t = 10 in range [7, 13] ...  246348  4017    infeasible              8.0000        7.0000  2886317   12.50%
 252202  3320        7.0000    13        8.0000        7.0000  2950727   12.50%
Elapsed time = 27.13 sec. (41721.30 ticks, tree = 2.07 MB, solutions = 2)
FEASIBLE
[BinarySearch] Testing t = 8 in range [7, 9] ...  256955  2765    infeasible              8.0000        7.0000  2999893   12.50%
 262705  2058        7.0000    14        8.0000        7.0000  3070798   12.50%
 268375  1218        7.0000    15        8.0000        7.0000  3156065   12.50%
 273461   584        7.0000    15        8.0000        7.0000  3221736   12.50%
FEASIBLE
[BinarySearch] Testing t = 7 in range [7, 7] ... 
GUB cover cuts applied:  1
Clique cuts applied:  4
Cover cuts applied:  110
Implied bound cuts applied:  11
Flow cuts applied:  1
Mixed integer rounding cuts applied:  11
Zero-half cuts applied:  3
Gomory fractional cuts applied:  4

Root node processing (before b&c):
  Real time             =    0.17 sec. (257.69 ticks)
Parallel b&c, 4 threads:
  Real time             =   29.36 sec. (45652.55 ticks)
  Sync time (average)   =    3.37 sec.
  Wait time (average)   =    0.00 sec.
                          ------------
Total (root+branch&cut) =   29.53 sec. (45910.25 ticks)
nFEAS... [BinarySearch] Testing t = 7 in range [6, 9] ... FEASIBLE
MAX... 
  tIP... Version identifier: 22.1.1.0 | 2022-11-28 | 9160aff4d
CPXPARAM_Threads                                 4
CPXPARAM_TimeLimit                               3600
Tried aggregator 1 time.
MIP Presolve eliminated 34 rows and 15 columns.
MIP Presolve modified 1273 coefficients.
Reduced MIP has 1094 rows, 477 columns, and 4021 nonzeros.
Reduced MIP has 470 binaries, 7 generals, 0 SOSs, and 0 indicators.
Presolve time = 0.00 sec. (3.58 ticks)
Probing fixed 25 vars, tightened 0 bounds.
Probing time = 0.02 sec. (43.11 ticks)
Tried aggregator 1 time.
Detecting symmetries...
MIP Presolve eliminated 49 rows and 25 columns.
Reduced MIP has 1045 rows, 452 columns, and 3826 nonzeros.
Reduced MIP has 445 binaries, 7 generals, 0 SOSs, and 0 indicators.
Presolve time = 0.00 sec. (3.91 ticks)
Probing time = 0.00 sec. (3.75 ticks)
Clique table members: 2254.
MIP emphasis: balance optimality and feasibility.
MIP search method: dynamic search.
Parallel mode: deterministic, using up to 4 threads.
Root relaxation solution time = 0.01 sec. (6.43 ticks)

        Nodes                                         Cuts/
   Node  Left     Objective  IInf  Best Integer    Best Bound    ItCnt     Gap

      0     0        7.0000   101                      7.0000      263         
      0     0        7.0000    41                    Cuts: 15      275         
      0     0        7.0000    53                    Cuts: 67      340         
      0     0        7.0000    45                    Cuts: 30      372         
      0     0        7.0000    42                    Cuts: 55      402         
Detecting symmetries...
      0     2        7.0000    32                      7.0000      402         
Elapsed time = 0.12 sec. (181.60 ticks, tree = 0.02 MB, solutions = 0)
   1520   488        7.0189    46                      7.0000    18549         
   2805  1005        7.0056    50                      7.0000    38313         

Performing restart 1

Repeating presolve.
Tried aggregator 1 time.
MIP Presolve eliminated 6 rows and 3 columns.
MIP Presolve modified 60 coefficients.
Reduced MIP has 1039 rows, 449 columns, and 3805 nonzeros.
Reduced MIP has 442 binaries, 7 generals, 0 SOSs, and 0 indicators.
Presolve time = 0.00 sec. (2.06 ticks)
Tried aggregator 1 time.
Reduced MIP has 1039 rows, 449 columns, and 3805 nonzeros.
Reduced MIP has 442 binaries, 7 generals, 0 SOSs, and 0 indicators.
Presolve time = 0.00 sec. (2.54 ticks)
Represolve time = 0.01 sec. (23.14 ticks)
   3615     0        7.0000    62                   Cuts: 228    52290         
   3615     0        7.0000    50                   Cuts: 187    52337         
   3615     0        7.0000    47                   Cuts: 121    52387         
   3615     0        7.0000    47                   Cuts: 163    52434         
   3615     0        7.0000    45                    Cuts: 96    52453         
   3615     0        7.0000    56                   Cuts: 152    52520         
   3615     0        7.0000    49                    Cuts: 16    52565         
   3615     0        7.0000    50                   Cuts: 134    52657         
   3615     2        7.0000    39                      7.0000    52657         
   4101   131        8.0000    28                      7.0000    57192         
   5431   652        8.0000    24                      7.0000    65430         
   6388   974        7.0000    28                      7.0000    73299         
   7608  1323        7.0174    46                      7.0000    78960         
   8611  1887        7.0376    30                      7.0000    87152         
   9708  2322        7.0000    37                      7.0000    95934         
*  9788  2455      integral     0        8.0000        7.0000    99187   12.50%
  13554   188        7.0000    41        8.0000        7.0000   118092   12.50%
Elapsed time = 3.17 sec. (3605.40 ticks, tree = 0.23 MB, solutions = 1)

Performing restart 2

Repeating presolve.
Tried aggregator 1 time.
MIP Presolve eliminated 162 rows and 108 columns.
MIP Presolve modified 151 coefficients.
Reduced MIP has 877 rows, 341 columns, and 4179 nonzeros.
Reduced MIP has 334 binaries, 7 generals, 0 SOSs, and 0 indicators.
Presolve time = 0.00 sec. (4.08 ticks)
Tried aggregator 1 time.
MIP Presolve eliminated 17 rows and 9 columns.
MIP Presolve modified 35 coefficients.
Reduced MIP has 860 rows, 332 columns, and 4024 nonzeros.
Reduced MIP has 325 binaries, 7 generals, 0 SOSs, and 0 indicators.
Presolve time = 0.00 sec. (2.99 ticks)
Tried aggregator 1 time.
MIP Presolve eliminated 5 rows and 3 columns.
Reduced MIP has 855 rows, 329 columns, and 3988 nonzeros.
Reduced MIP has 322 binaries, 7 generals, 0 SOSs, and 0 indicators.
Presolve time = 0.00 sec. (2.62 ticks)
Represolve time = 0.02 sec. (38.26 ticks)
  14020     0        7.0000    47        8.0000      Cuts: 44   123919   12.50%
  14020     0        7.0000    48        8.0000      Cuts: 92   123963   12.50%
  14020     0        7.0000    35        8.0000       Cuts: 2   123977   12.50%
  14020     0        7.0000    58        8.0000     Cuts: 235   124067   12.50%
  14020     0        7.0000    45        8.0000      Cuts: 19   124123   12.50%
  14020     0        7.0000    43        8.0000     Cuts: 118   124182   12.50%
  14020     0        7.0000    40        8.0000      Cuts: 13   124227   12.50%
  14020     0        7.0000    39        8.0000      Cuts: 47   124271   12.50%
  14020     0        7.0000    40        8.0000      Cuts: 11   124291   12.50%
  14210    41        7.0000    31        8.0000        7.0000   129456   12.50%
  15125    16    infeasible              8.0000        7.0000   156561   12.50%

GUB cover cuts applied:  2
Clique cuts applied:  4
Cover cuts applied:  14
Implied bound cuts applied:  3
Flow cuts applied:  1
Mixed integer rounding cuts applied:  9
Zero-half cuts applied:  2
Gomory fractional cuts applied:  1

Root node processing (before b&c):
  Real time             =    0.12 sec. (181.18 ticks)
Parallel b&c, 4 threads:
  Real time             =    4.69 sec. (5385.38 ticks)
  Sync time (average)   =    1.25 sec.
  Wait time (average)   =    0.00 sec.
                          ------------
Total (root+branch&cut) =    4.80 sec. (5566.56 ticks)
tFEAS... [BinarySearch] Testing t = 7 in range [7, 8] ... FEASIBLE
tMAX... 
[2/229] Solving full-7-30-1.txt ... 
  nIP... Version identifier: 22.1.1.0 | 2022-11-28 | 9160aff4d
CPXPARAM_Threads                                 4
CPXPARAM_TimeLimit                               3600
Tried aggregator 1 time.
MIP Presolve eliminated 22 rows and 10 columns.
MIP Presolve modified 1799 coefficients.
Reduced MIP has 1561 rows, 692 columns, and 5890 nonzeros.
Reduced MIP has 684 binaries, 8 generals, 0 SOSs, and 0 indicators.
Presolve time = 0.00 sec. (4.92 ticks)
Probing fixed 18 vars, tightened 0 bounds.
Probing time = 0.02 sec. (60.29 ticks)
Tried aggregator 1 time.
Detecting symmetries...
MIP Presolve eliminated 36 rows and 18 columns.
Reduced MIP has 1525 rows, 674 columns, and 5762 nonzeros.
Reduced MIP has 666 binaries, 8 generals, 0 SOSs, and 0 indicators.
Presolve time = 0.00 sec. (4.26 ticks)
Probing time = 0.00 sec. (4.57 ticks)
Clique table members: 3207.
MIP emphasis: balance optimality and feasibility.
MIP search method: dynamic search.
Parallel mode: deterministic, using up to 4 threads.
Root relaxation solution time = 0.02 sec. (7.10 ticks)

        Nodes                                         Cuts/
   Node  Left     Objective  IInf  Best Integer    Best Bound    ItCnt     Gap

      0     0        7.0000   153                      7.0000      299         
      0     0        7.0000    77                    Cuts: 18      324         
      0     0        7.0000    66                    Cuts: 96      396         
      0     0        7.0000    63                    Cuts: 25      415         
      0     0        7.0000    63                    Cuts: 20      426         
      0     0        7.0000    37                     Cuts: 2      427         
Detecting symmetries...
      0     0        7.0000    37                    Cuts: 26      446         
Detecting symmetries...
      0     2        7.0000    34                      7.0000      446         
Elapsed time = 0.23 sec. (311.61 ticks, tree = 0.02 MB, solutions = 0)
   1124   478        9.0000    33                      7.0000     9614         
   2691  1153        8.0000    37                      7.0000    19097         

Performing restart 1

Repeating presolve.
Tried aggregator 1 time.
Reduced MIP has 1525 rows, 674 columns, and 5762 nonzeros.
Reduced MIP has 666 binaries, 8 generals, 0 SOSs, and 0 indicators.
Presolve time = 0.00 sec. (3.05 ticks)
Tried aggregator 1 time.
Reduced MIP has 1525 rows, 674 columns, and 5762 nonzeros.
Reduced MIP has 666 binaries, 8 generals, 0 SOSs, and 0 indicators.
Presolve time = 0.00 sec. (3.81 ticks)
Represolve time = 0.02 sec. (51.27 ticks)
   3658     0        7.0000    66                    Cuts: 64    28009         
   3658     0        7.0000    63                   Cuts: 204    28105         
   3658     0        7.0000    49                   Cuts: 185    28160         
   3658     0        7.0000    63                    Cuts: 90    28231         
   3658     0        7.0000    49                     Cuts: 4    28253         
   3658     0        7.0000    51                   Cuts: 217    28293         
   3658     0        7.0000    45                    Cuts: 24    28349         
   3658     0        7.0000    46                     Cuts: 8    28369         
   3658     2        7.0000    34                      7.0000    28369         
   3826    50        7.0000    42                      7.0000    31049         
   4443   297        9.0000    30                      7.0000    36182         
   5445   877        9.0000    48                      7.0000    43011         
   6305  1478        9.0000    24                      7.0000    50158         
   7128  1806        8.0000    24                      7.0000    56199         
   7742  2162        8.0000    31                      7.0000    60822         

Performing restart 2

Repeating presolve.
Tried aggregator 1 time.
MIP Presolve eliminated 3 rows and 0 columns.
Reduced MIP has 1522 rows, 674 columns, and 7934 nonzeros.
Reduced MIP has 666 binaries, 8 generals, 0 SOSs, and 0 indicators.
Presolve time = 0.00 sec. (4.48 ticks)
Tried aggregator 1 time.
Reduced MIP has 1522 rows, 674 columns, and 7934 nonzeros.
Reduced MIP has 666 binaries, 8 generals, 0 SOSs, and 0 indicators.
Presolve time = 0.00 sec. (5.14 ticks)
Represolve time = 0.03 sec. (58.91 ticks)
  10518     0        7.0000    40                    Cuts: 11    81388         
  10518     0        7.0000    45                   Cuts: 139    81423         
  10518     0        7.0000    42                    Cuts: 39    81460         
  10518     0        7.0000    46                   Cuts: 250    81512         
  10518     0        7.0000    34                     Cuts: 7    81535         
  10518     0        7.0000    61                   Cuts: 290    81606         
  10518     0        7.0000    34                     Cuts: 6    81624         
  10518     0        7.0000    43                   Cuts: 256    81674         
  10518     0        7.0000    57                   Cuts: 189    81732         
  10518     0        7.0000    29                     Cuts: 4    81740         
  10518     0        7.0000    42                   Cuts: 203    81791         
  10518     2        7.0000    42                      7.0000    81791         
Elapsed time = 3.87 sec. (4947.93 ticks, tree = 0.02 MB, solutions = 0)
  10783    63        8.0000    30                      7.0000    89050         
  11134   137        7.0829    60                      7.0000    97123         
  11629   355    infeasible                            7.0000   108597         
  12040   569        8.0000    27                      7.0000   119707         
  12579   828        7.0000    36                      7.0000   132274         
  13125  1085        7.0000    28                      7.0000   140752         
  13639  1406        8.0000    26                      7.0000   151597         
  14210  1751        8.0000    30                      7.0000   163394         
  14748  2113        7.0000    51                      7.0000   176703         
  15360  2533        8.0000    28                      7.0000   191252         
Elapsed time = 10.68 sec. (14496.24 ticks, tree = 1.54 MB, solutions = 0)
  16013  2862        9.0000    27                      7.0000   203653         
  16479  3138        8.0084    53                      7.0000   217809         
  17082  3430        7.0000    24                      7.0000   233808         
  17859  3901        8.0114    41                      7.0000   248674         
  18479  4462        8.0000    37                      7.0000   263675         
  19085  4872    infeasible                            7.0000   275497         
  19779  5292        8.0000    28                      7.0000   286991         
  20561  5761        7.0000    32                      7.0000   302342         
  21184  6281        7.0000    32                      7.0000   318829         
  21899  6765        9.0000    29                      7.0000   334539         
Elapsed time = 15.68 sec. (24052.76 ticks, tree = 4.16 MB, solutions = 0)
  22551  7289        9.0000    20                      7.0000   350182         
  23156  7722        8.0000    24                      7.0000   366722         
  23794  8029        8.0000    28                      7.0000   378152         
  24460  8594        8.0000    28                      7.0000   396345         
  25047  8916        9.0000    34                      7.0000   409158         
  25666  9261        9.0000    28                      7.0000   421245         
  26199  9704        9.0000    36                      7.0000   435732         
  26720 10019        8.0000    21                      7.0000   445989         
  27199 10403        8.0000    19                      7.0000   462078         
  27671 10531        8.0000    24                      7.0000   470419         
Elapsed time = 20.56 sec. (33602.66 ticks, tree = 6.56 MB, solutions = 0)
  28213 10849        8.0000    26                      7.0000   484834         
  28736 11250        9.0000    26                      7.0000   504601         
  29302 11625        8.0000    27                      7.0000   519340         
INFEASIBLE
[BinarySearch] Testing t = 8 in range [8, 9] ...   29835 11787        8.0000    30                      7.0000   526340         
FEASIBLE
nMAX... 
  IP... Version identifier: 22.1.1.0 | 2022-11-28 | 9160aff4d
CPXPARAM_Threads                                 4
CPXPARAM_TimeLimit                               3600
Tried aggregator 1 time.
MIP Presolve eliminated 14 rows and 6 columns.
MIP Presolve modified 1390 coefficients.
Reduced MIP has 1233 rows, 566 columns, and 4836 nonzeros.
Reduced MIP has 556 binaries, 10 generals, 0 SOSs, and 0 indicators.
Presolve time = 0.00 sec. (4.07 ticks)
Probing fixed 9 vars, tightened 0 bounds.
Probing time = 0.02 sec. (36.90 ticks)
Tried aggregator 1 time.
Detecting symmetries...
MIP Presolve eliminated 17 rows and 9 columns.
MIP Presolve modified 22 coefficients.
Reduced MIP has 1216 rows, 557 columns, and 4775 nonzeros.
Reduced MIP has 547 binaries, 10 generals, 0 SOSs, and 0 indicators.
Presolve time = 0.00 sec. (3.11 ticks)
Probing time = 0.00 sec. (4.22 ticks)
Clique table members: 2783.
MIP emphasis: balance optimality and feasibility.
MIP search method: dynamic search.
Parallel mode: deterministic, using up to 4 threads.
Root relaxation solution time = 0.01 sec. (3.63 ticks)

        Nodes                                         Cuts/
   Node  Left     Objective  IInf  Best Integer    Best Bound    ItCnt     Gap

      0     0        5.0000    38                      5.0000      131         
      0     0        5.0000    24                    Cuts: 32      162         
      0     0        5.0000    25                    Cuts: 33      173         
      0     0        5.0000    18                    Cuts: 23      227         
      0     0        5.0000    21                    Cuts: 38      262         
*     0+    0                           11.0000        5.0000            54.55%
Detecting symmetries...
      0     2        5.0000    15       11.0000        5.0000      262   54.55%
Elapsed time = 0.15 sec. (191.61 ticks, tree = 0.02 MB, solutions = 1)
*     8+    3                           10.0000        5.0000            50.00%
  30471 12225        8.0000    32                      7.0000   547241         
   1037   736        9.0000    12       10.0000        5.0000     6880   50.00%
*  1305+  809                            9.0000        5.0000            44.44%

Performing restart 1

Repeating presolve.
Tried aggregator 1 time.
MIP Presolve eliminated 559 rows and 267 columns.
Reduced MIP has 657 rows, 290 columns, and 2424 nonzeros.
Reduced MIP has 283 binaries, 7 generals, 0 SOSs, and 0 indicators.
Presolve time = 0.00 sec. (1.74 ticks)
Tried aggregator 1 time.
MIP Presolve eliminated 17 rows and 9 columns.
MIP Presolve modified 22 coefficients.
Reduced MIP has 640 rows, 281 columns, and 2363 nonzeros.
Reduced MIP has 274 binaries, 7 generals, 0 SOSs, and 0 indicators.
Presolve time = 0.00 sec. (1.36 ticks)
Tried aggregator 1 time.
MIP Presolve modified 2 coefficients.
Reduced MIP has 640 rows, 281 columns, and 2363 nonzeros.
Reduced MIP has 274 binaries, 7 generals, 0 SOSs, and 0 indicators.
Presolve time = 0.00 sec. (1.65 ticks)
Represolve time = 0.01 sec. (20.91 ticks)
   2732     0        5.0000    35        9.0000      Cuts: 10    19675   44.44%
   2732     0        5.0000    27        9.0000     Cuts: 135    19712   44.44%
   2732     0        5.0000    25        9.0000      Cuts: 40    19731   44.44%
   2732     2        5.0000    13        9.0000        5.0000    19731   44.44%
  30917 12686        9.0000    22                      7.0000   565098         
   3754   577        6.0000    18        9.0000        5.0000    25180   44.44%
   4535  1067        5.0000    15        9.0000        5.0000    28917   44.44%
  31494 12835        8.0000    34                      7.0000   571339         
   5906  2069        8.0000    17        9.0000        5.0000    36327   44.44%
   8630  3963        6.0000    16        9.0000        5.0000    52933   44.44%
  32125 13324        7.0000    29                      7.0000   584260         
  11446  6220        7.0000    12        9.0000        5.0000    68478   44.44%
  13854  8470        8.0000    15        9.0000        5.0000    84642   44.44%
  17363 11062        7.0000    16        9.0000        5.0000   103685   44.44%
  32611 13816        9.0000    22                      7.0000   598415         
  33109 14082        8.0000    28                      7.0000   609315         
Elapsed time = 25.62 sec. (43153.73 ticks, tree = 8.53 MB, solutions = 0)
  28706 20355        6.0388    28        9.0000        5.0000   167977   44.44%
Elapsed time = 3.12 sec. (3442.30 ticks, tree = 7.72 MB, solutions = 3)
  33637 14404        9.0000    26                      7.0000   618728         
  34203 14775        9.0000    22                      7.0000   630065         
  38848 28946        7.0000    16        9.0000        5.0000   224402   44.44%
  34644 15272        8.1339    40                      7.0000   646274         
  53671 39169        8.0000    17        9.0000        5.0000   288000   44.44%
  35212 15534        9.0000    28                      7.0000   656912         
  35808 15818        8.0947    37                      7.0000   667003         
  67073 50689        7.0000     9        9.0000        5.0000   362966   44.44%
  36500 16315        8.0000    24                      7.0000   679791         
* 74855 58250      integral     0        8.0000        5.0000   401152   37.50%
  37373 16680        8.0000    24                      7.0000   691681         
  77498 36197    infeasible              8.0000        5.0000   419019   37.50%
  38079 17541        9.0000    20                      7.0000   717249         
  38755 17965        8.0000    26                      7.0000   732717         
  85512 41856        6.0000    15        8.0000        5.0000   460488   37.50%
  39479 18296        8.0000    32                      7.0000   741976         
Elapsed time = 30.95 sec. (52696.85 ticks, tree = 11.58 MB, solutions = 0)
* 39742+18417                            9.0000        7.0000            22.22%
  40080 18679        9.0000    22        9.0000        7.0000   754014   22.22%
  90261 44376        6.0000    12        8.0000        5.0545   495325   36.82%
  40652 10599        8.0000    32        9.0000        7.0000   766451   22.22%
  41119 10829        8.0000    32        9.0000        7.0000   783899   22.22%
  93024 44948        7.0000     8        8.0000        5.7713   526730   27.86%
  41629 11105        7.0000    30        9.0000        7.0000   800402   22.22%

Performing restart 2

Repeating presolve.
Tried aggregator 1 time.
MIP Presolve eliminated 90 rows and 68 columns.
MIP Presolve modified 46 coefficients.
Reduced MIP has 550 rows, 213 columns, and 2705 nonzeros.
Reduced MIP has 206 binaries, 7 generals, 0 SOSs, and 0 indicators.
Presolve time = 0.00 sec. (2.89 ticks)
Tried aggregator 1 time.
MIP Presolve eliminated 9 rows and 4 columns.
MIP Presolve modified 29 coefficients.
Reduced MIP has 541 rows, 209 columns, and 2637 nonzeros.
Reduced MIP has 202 binaries, 7 generals, 0 SOSs, and 0 indicators.
Presolve time = 0.00 sec. (2.47 ticks)
Tried aggregator 1 time.
MIP Presolve eliminated 12 rows and 6 columns.
Reduced MIP has 529 rows, 203 columns, and 2563 nonzeros.
Reduced MIP has 196 binaries, 7 generals, 0 SOSs, and 0 indicators.
Presolve time = 0.00 sec. (1.86 ticks)
Tried aggregator 1 time.
Reduced MIP has 529 rows, 203 columns, and 2563 nonzeros.
Reduced MIP has 196 binaries, 7 generals, 0 SOSs, and 0 indicators.
Presolve time = 0.00 sec. (1.65 ticks)
Represolve time = 0.02 sec. (26.46 ticks)
  97311     0        5.0000    27        8.0000      Cuts: 33   561017   25.00%
  97311     0        5.0000    29        8.0000      Cuts: 33   561057   25.00%
  97311     0        5.0000    26        8.0000      Cuts: 10   561092   25.00%
  97311     0        5.0000    18        8.0000     Cuts: 109   561132   25.00%
  97311     0        5.0000    26        8.0000      Cuts: 45   561154   25.00%
  97311     0        5.0000    26        8.0000      Cuts: 88   561168   25.00%
  97311     0        5.0000    25        8.0000     Cuts: 163   561204   25.00%
  97311     0        5.0000    19        8.0000       Cuts: 5   561216   25.00%
  97311     0        5.0000    27        8.0000      Cuts: 74   561236   25.00%
  42197 11218        7.0000    39        9.0000        7.0000   811044   22.22%
  97698   186        5.0000    25        8.0000        6.0000   565717   25.00%
  42737 11357        7.0000    26        9.0000        7.0000   824151   22.22%
  43289 11524        7.0000    30        9.0000        7.0000   842408   22.22%
 101479  2684        6.0000    11        8.0000        6.0000   601900   25.00%
  43777 11637        7.0000    37        9.0000        7.0000   858336   22.22%
  44418 11926    infeasible              9.0000        7.0000   883672   22.22%
 106537  6321        6.0000    10        8.0000        6.0000   653854   25.00%
Elapsed time = 12.72 sec. (12982.04 ticks, tree = 1.98 MB, solutions = 4)
  45065 12050        7.0000    33        9.0000        7.0000   894769   22.22%
Elapsed time = 36.12 sec. (62267.27 ticks, tree = 8.07 MB, solutions = 1)
 112188 10645        6.0000    19        8.0000        6.0000   708721   25.00%
 118122 14746        6.0000     9        8.0000        6.0000   764811   25.00%
  45610 12262        8.0000    26        9.0000        7.0000   910990   22.22%
  46120 12482        7.0000    26        9.0000        7.0000   927402   22.22%
 123636 16199        7.0000    15        8.0000        6.0000   829378   25.00%
  46752 12790    infeasible              9.0000        7.0000   949550   22.22%
  47305 13055        8.0000    29        9.0000        7.0000   970348   22.22%
 129099 17783        6.0570    20        8.0000        6.0000   904022   25.00%
  47838 13163        7.0000    29        9.0000        7.0000   980178   22.22%
 134304 19447    infeasible              8.0000        6.0000   970865   25.00%
  48378 13404        8.0000    24        9.0000        7.0000   996689   22.22%
 139781 20684        6.0000    10        8.0000        6.0000  1020035   25.00%
  48893 13449        7.0000    38        9.0000        7.0000  1010868   22.22%
  49459 13664        8.0000    22        9.0000        7.0000  1031882   22.22%
 145395 22747        7.0000     8        8.0000        6.0000  1099611   25.00%
  49996 13811        7.0000    34        9.0000        7.0000  1052333   22.22%
  50490 13920        8.0000    35        9.0000        7.0000  1064093   22.22%
Elapsed time = 42.08 sec. (71817.63 ticks, tree = 9.11 MB, solutions = 1)
 151191 24382        6.3333    27        8.0000        6.0000  1166709   25.00%
  50967 14104        8.0000    29        9.0000        7.0000  1073222   22.22%
  51384 14193        8.0000    35        9.0000        7.0000  1087214   22.22%
 156683 26096        7.0000    19        8.0000        6.0000  1233172   25.00%
  51909 14382        7.0000    29        9.0000        7.0000  1108046   22.22%
  52600 14603    infeasible              9.0000        7.0000  1128459   22.22%
 162483 28013        7.0000     8        8.0000        6.0000  1307364   25.00%
Elapsed time = 21.61 sec. (22520.41 ticks, tree = 8.99 MB, solutions = 4)
  53239 14818        7.0000    35        9.0000        7.0000  1148423   22.22%
  53850 14941        8.0000    33        9.0000        7.0000  1162338   22.22%
 168231 29903        7.0000     8        8.0000        6.0000  1381972   25.00%
  54330 15111        8.0000    36        9.0000        7.0000  1176346   22.22%
  54863 15248        8.0000    29        9.0000        7.0000  1192702   22.22%
 173858 31552        7.0000    10        8.0000        6.0000  1449946   25.00%
  55423 15374        7.0000    34        9.0000        7.0000  1213056   22.22%
  55963 15567    infeasible              9.0000        7.0000  1236585   22.22%
Elapsed time = 47.23 sec. (81372.19 ticks, tree = 10.03 MB, solutions = 1)
 179326 32891        7.0000    14        8.0000        6.0000  1516032   25.00%
  56579 15636        7.0000    28        9.0000        7.0000  1256020   22.22%
  57160 15718    infeasible              9.0000        7.0000  1265017   22.22%
 184583 34797        7.0000    19        8.0000        6.0000  1586545   25.00%
  57753 15862    infeasible              9.0000        7.0000  1288896   22.22%
  58291 16103        8.0000    32        9.0000        7.0000  1309130   22.22%
 189703 36325        6.0000    11        8.0000        6.0000  1639918   25.00%
  58893 16147        8.0000    36        9.0000        7.0000  1324308   22.22%
  59558 16284        7.5000    44        9.0000        7.0000  1341147   22.22%
 194695 38032    infeasible              8.0000        6.0000  1709173   25.00%
  60150 16426        8.0000    29        9.0000        7.0000  1359283   22.22%
  60629 16515        8.0000    28        9.0000        7.0000  1373614   22.22%
 199881 39690        7.0000    19        8.0000        6.0000  1776085   25.00%
  61148 16626    infeasible              9.0000        7.0000  1397354   22.22%
 204915 41742        7.0000    12        8.0000        6.0000  1845483   25.00%
 210259 43435        7.0000    13        8.0000        6.0000  1903081   25.00%
  63427 17155    infeasible              9.0000        7.0000  1462978   22.22%
Elapsed time = 53.72 sec. (93789.68 ticks, tree = 10.91 MB, solutions = 1)
 215171 45684    infeasible              8.0000        6.0000  1969521   25.00%
Elapsed time = 31.75 sec. (32058.77 ticks, tree = 15.37 MB, solutions = 4)
 219733 47561        7.0000     9        8.0000        6.0000  2032771   25.00%
  65989 18096        8.0000    30        9.0000        7.0000  1541327   22.22%
 224042 49400        7.0000    12        8.0000        6.0000  2087166   25.00%
  68838 19574        8.0000    32        9.0000        7.0000  1613909   22.22%
 228767 51180        7.0000     8        8.0000        6.0000  2146502   25.00%
 233760 53492        7.0000    12        8.0000        6.0000  2207411   25.00%
 239518 54490        7.0000    19        8.0000        6.0035  2260596   24.96%
  71889 21076        cutoff              9.0000        7.0000  1681874   22.22%
 245112 55207        7.0000     6        8.0000        6.0379  2340580   24.53%
 251382 54674    infeasible              8.0000        6.8750  2402791   14.06%
  75452 22190        8.0000    35        9.0000        7.0000  1757080   22.22%
 258570 51976    infeasible              8.0000        7.0000  2458742   12.50%
 264943 48418        7.0000    11        8.0000        7.0000  2538400   12.50%
 272428 45296        7.0000    13        8.0000        7.0000  2602339   12.50%
Elapsed time = 41.75 sec. (41598.50 ticks, tree = 15.25 MB, solutions = 4)
* 78325 23499      integral     0        8.0000        7.0000  1841477   12.50%
  78400 23421        7.0000    41        8.0000        7.0000  1837397   12.50%
 279068 42750        7.0000     8        8.0000        7.0000  2670796   12.50%
* 79149  2032      integral     0        7.0000        7.0000  1852766    0.00%

GUB cover cuts applied:  6
Cover cuts applied:  11
Implied bound cuts applied:  7
Flow cuts applied:  1
Mixed integer rounding cuts applied:  3
Zero-half cuts applied:  3
Gomory fractional cuts applied:  7

Root node processing (before b&c):
  Real time             =    0.23 sec. (311.09 ticks)
Parallel b&c, 4 threads:
  Real time             =   66.05 sec. (114015.87 ticks)
  Sync time (average)   =    7.01 sec.
  Wait time (average)   =    0.00 sec.
                          ------------
Total (root+branch&cut) =   66.28 sec. (114326.97 ticks)
nFEAS... [BinarySearch] Testing t = 8 in range [7, 9] ...  285625 40295    infeasible              8.0000        7.0000  2747527   12.50%
 292338 37987    infeasible              8.0000        7.0000  2806253   12.50%
 299225 34908        7.0000    18        8.0000        7.0000  2888010   12.50%
 306393 31744        7.0000    10        8.0000        7.0000  2968376   12.50%
 312792 29711        7.0000    12        8.0000        7.0000  3036936   12.50%
FEASIBLE
[BinarySearch] Testing t = 7 in range [7, 7] ...  319028 28374    infeasible              8.0000        7.0000  3092890   12.50%
 325113 26740    infeasible              8.0000        7.0000  3164610   12.50%
 331355 24776        7.0000    10        8.0000        7.0000  3238708   12.50%
 337565 23449    infeasible              8.0000        7.0000  3302079   12.50%
Elapsed time = 48.01 sec. (51136.28 ticks, tree = 9.11 MB, solutions = 4)
 343758 22116    infeasible              8.0000        7.0000  3371855   12.50%
 350053 20262    infeasible              8.0000        7.0000  3448812   12.50%
 356472 18719        7.0000    10        8.0000        7.0000  3512285   12.50%
 362753 17413        7.0000     8        8.0000        7.0000  3577008   12.50%
 369446 15575    infeasible              8.0000        7.0000  3653561   12.50%
 376133 13813    infeasible              8.0000        7.0000  3725942   12.50%
 382615 11611    infeasible              8.0000        7.0000  3800218   12.50%
 389170  9654    infeasible              8.0000        7.0000  3873479   12.50%
 395752  8056        7.0000    14        8.0000        7.0000  3936076   12.50%
 401989  6476        7.0000    14        8.0000        7.0000  4008968   12.50%
Elapsed time = 53.58 sec. (60675.05 ticks, tree = 4.31 MB, solutions = 4)
 408287  4981        7.0000     8        8.0000        7.0000  4076546   12.50%
 414496  3844    infeasible              8.0000        7.0000  4138894   12.50%
 419892  2335    infeasible              8.0000        7.0000  4206459   12.50%
 425160   538    infeasible              8.0000        7.0000  4296140   12.50%
 429595    56        7.0000    13        8.0000        7.0000  4358350   12.50%

GUB cover cuts applied:  5
Clique cuts applied:  15
Cover cuts applied:  125
Implied bound cuts applied:  8
Flow cuts applied:  7
Mixed integer rounding cuts applied:  23
Zero-half cuts applied:  5
Gomory fractional cuts applied:  4

Root node processing (before b&c):
  Real time             =    0.15 sec. (191.24 ticks)
Parallel b&c, 4 threads:
  Real time             =   57.77 sec. (66041.89 ticks)
  Sync time (average)   =   12.02 sec.
  Wait time (average)   =    0.00 sec.
                          ------------
Total (root+branch&cut) =   57.92 sec. (66233.12 ticks)
FEAS... [BinarySearch] Testing t = 8 in range [5, 11] ... FEASIBLE
[BinarySearch] Testing t = 6 in range [5, 7] ... INFEASIBLE
[BinarySearch] Testing t = 7 in range [7, 7] ... FEASIBLE
nMAX... 
  IP... Version identifier: 22.1.1.0 | 2022-11-28 | 9160aff4d
CPXPARAM_Threads                                 4
CPXPARAM_TimeLimit                               3600
Tried aggregator 1 time.
MIP Presolve eliminated 73 rows and 34 columns.
MIP Presolve modified 11978 coefficients.
Reduced MIP has 9193 rows, 4399 columns, and 38866 nonzeros.
Reduced MIP has 4378 binaries, 21 generals, 0 SOSs, and 0 indicators.
Presolve time = 0.01 sec. (28.96 ticks)
Probing fixed 8 vars, tightened 0 bounds.
Probing time = 0.09 sec. (107.50 ticks)
Tried aggregator 1 time.
Detecting symmetries...
MIP Presolve eliminated 16 rows and 8 columns.
Reduced MIP has 9177 rows, 4391 columns, and 38810 nonzeros.
Reduced MIP has 4370 binaries, 21 generals, 0 SOSs, and 0 indicators.
Presolve time = 0.01 sec. (23.13 ticks)
Probing time = 0.01 sec. (13.96 ticks)
Clique table members: 19809.
MIP emphasis: balance optimality and feasibility.
MIP search method: dynamic search.
Parallel mode: deterministic, using up to 4 threads.
Root relaxation solution time = 0.06 sec. (45.49 ticks)

        Nodes                                         Cuts/
   Node  Left     Objective  IInf  Best Integer    Best Bound    ItCnt     Gap

      0     0        7.0000   170                      7.0000      745         
      0     0        7.0000    44                    Cuts: 15      820         
      0     0        7.0000    57                   Cuts: 104      993         
      0     0        7.0000    38                    Cuts: 23     1042         
      0     0        7.0000    38                    Cuts: 22     1053         
*     0+    0                           22.0000        7.0000            68.18%
Detecting symmetries...
      0     2        7.0000    38       22.0000        7.0000     1053   68.18%
Elapsed time = 1.65 sec. (2771.02 ticks, tree = 0.02 MB, solutions = 1)
      4     3        7.0000    38       22.0000        7.0000     1057   68.18%
*    31+   14                           15.0000        7.0000            53.33%
     82    34       12.0000    25       15.0000        7.0000     2640   53.33%
*    89+   13                           12.0000        7.0000            41.67%
    204    62        9.0000    28       12.0000        7.0000     7165   41.67%
    295   181        7.0870    37       12.0000        7.0000    17274   41.67%
    530   208        9.1537    24       12.0000        7.0000    18896   41.67%
    805   441       10.0000    22       12.0000        7.0000    27169   41.67%
   1089   714       11.0000    62       12.0000        7.0000    31866   41.67%
   1372   967       11.0000    20       12.0000        7.0000    34776   41.67%
   1572  1095        8.0000    18       12.0000        7.0000    36066   41.67%

Performing restart 1

Repeating presolve.
Tried aggregator 1 time.
MIP Presolve eliminated 5438 rows and 2652 columns.
Reduced MIP has 3739 rows, 1739 columns, and 15162 nonzeros.
Reduced MIP has 1726 binaries, 13 generals, 0 SOSs, and 0 indicators.
Presolve time = 0.01 sec. (11.48 ticks)
Tried aggregator 1 time.
MIP Presolve eliminated 74 rows and 37 columns.
Reduced MIP has 3665 rows, 1702 columns, and 14859 nonzeros.
Reduced MIP has 1689 binaries, 13 generals, 0 SOSs, and 0 indicators.
Presolve time = 0.01 sec. (12.65 ticks)
Tried aggregator 1 time.
Reduced MIP has 3665 rows, 1702 columns, and 14859 nonzeros.
Reduced MIP has 1689 binaries, 13 generals, 0 SOSs, and 0 indicators.
Presolve time = 0.01 sec. (9.27 ticks)
Represolve time = 0.28 sec. (476.00 ticks)
   1661     0        7.0000    36       12.0000       Cuts: 9    38493   41.67%
   1661     0        7.0000    49       12.0000     Cuts: 321    38551   41.67%

Repeating presolve.
Tried aggregator 1 time.
MIP Presolve eliminated 673 rows and 475 columns.
Reduced MIP has 2992 rows, 1227 columns, and 15474 nonzeros.
Reduced MIP has 1214 binaries, 13 generals, 0 SOSs, and 0 indicators.
Presolve time = 0.01 sec. (16.60 ticks)
Tried aggregator 1 time.
MIP Presolve eliminated 42 rows and 16 columns.
MIP Presolve modified 8 coefficients.
Reduced MIP has 2950 rows, 1211 columns, and 14439 nonzeros.
Reduced MIP has 1198 binaries, 13 generals, 0 SOSs, and 0 indicators.
Presolve time = 0.01 sec. (12.21 ticks)
Tried aggregator 1 time.
MIP Presolve eliminated 21 rows and 0 columns.
MIP Presolve modified 26 coefficients.
Reduced MIP has 2929 rows, 1211 columns, and 14388 nonzeros.
Reduced MIP has 1198 binaries, 13 generals, 0 SOSs, and 0 indicators.
Presolve time = 0.01 sec. (14.79 ticks)
Represolve time = 0.11 sec. (149.86 ticks)
   1661     0        7.0000    39       12.0000      Cuts: 31    38962   41.67%
   1661     0        7.0000    50       12.0000     Cuts: 106    39005   41.67%
   1661     0        7.0000    40       12.0000      Cuts: 34    39065   41.67%
   1661     0        7.0000    95       12.0000     Cuts: 235    39198   41.67%
   1661     0        7.0000    60       12.0000      Cuts: 25    39219   41.67%
   1661     0        7.0000    56       12.0000     Cuts: 298    39258   41.67%
   1661     0        7.0000    36       12.0000     Cuts: 114    39316   41.67%
   1661     0        7.0000    48       12.0000     Cuts: 378    39386   41.67%
   1661     2        7.0000    48       12.0000        7.0000    39386   41.67%
Elapsed time = 5.51 sec. (8572.03 ticks, tree = 0.02 MB, solutions = 3)
   2084   238        9.0000    37       12.0000        7.0000    43303   41.67%
   3331  1207       11.0000    23       12.0000        7.0000    53475   41.67%
   5704  2822        9.0000    31       12.0000        7.0000    72401   41.67%
   7853  4447        8.0000    37       12.0000        7.0000    93789   41.67%
  10020  6310       10.0000    36       12.0000        7.0000   110805   41.67%
  12774  8152       10.0000    34       12.0000        7.0000   130380   41.67%
  15370 10482       11.0000    24       12.0000        7.0000   154404   41.67%
  18200 12215       10.0000    40       12.0000        7.0000   170879   41.67%
  20635 14077       10.0026    48       12.0000        7.0000   186118   41.67%
  23170 16164       10.0000    33       12.0000        7.0000   207288   41.67%
Elapsed time = 12.75 sec. (18159.60 ticks, tree = 17.04 MB, solutions = 3)
  25677 18551        8.0001    77       12.0000        7.0000   224795   41.67%
  27766 20948       11.0000    25       12.0000        7.0000   243933   41.67%
  30999 22957        7.0000    40       12.0000        7.0000   262685   41.67%
  33711 25074       11.0000    20       12.0000        7.0000   279009   41.67%
  36074 27371        8.2500    45       12.0000        7.0000   295029   41.67%
  38370 29707       11.0000    23       12.0000        7.0000   312447   41.67%
  41927 32147       11.0000    30       12.0000        7.0000   331920   41.67%
  44123 34085       10.0000    31       12.0000        7.0000   349026   41.67%
  46446 36054       11.0000    26       12.0000        7.0000   364464   41.67%
  48518 38112        9.0000    28       12.0000        7.0000   383583   41.67%
Elapsed time = 20.03 sec. (27701.61 ticks, tree = 39.79 MB, solutions = 3)
  51398 40325       10.0000    29       12.0000        7.0000   400378   41.67%
* 52250+41039                           11.0000        7.0000            36.36%
  54506 25374       10.0000    31       11.0000        7.0000   421411   36.36%
  56919 26923        9.0000    14       11.0000        7.0000   433839   36.36%
  58957 29591       10.0000    30       11.0000        7.0000   458165   36.36%
  61622 31436        9.0000    34       11.0000        7.0000   478500   36.36%
  65017 33507       10.0000    34       11.0000        7.0000   496457   36.36%
  67851 35578       10.0000    20       11.0000        7.0000   516070   36.36%
INFEASIBLE
MAX... 
  tIP... Version identifier: 22.1.1.0 | 2022-11-28 | 9160aff4d
CPXPARAM_Threads                                 4
CPXPARAM_TimeLimit                               3600
Tried aggregator 1 time.
MIP Presolve eliminated 16 rows and 7 columns.
MIP Presolve modified 950 coefficients.
Reduced MIP has 828 rows, 371 columns, and 3126 nonzeros.
Reduced MIP has 363 binaries, 8 generals, 0 SOSs, and 0 indicators.
Presolve time = 0.00 sec. (2.77 ticks)
Probing fixed 9 vars, tightened 0 bounds.
Probing time = 0.01 sec. (14.46 ticks)
Tried aggregator 1 time.
Detecting symmetries...
MIP Presolve eliminated 17 rows and 9 columns.
MIP Presolve modified 22 coefficients.
Reduced MIP has 811 rows, 362 columns, and 3065 nonzeros.
Reduced MIP has 354 binaries, 8 generals, 0 SOSs, and 0 indicators.
Presolve time = 0.00 sec. (2.08 ticks)
Probing time = 0.00 sec. (3.55 ticks)
Clique table members: 1759.
MIP emphasis: balance optimality and feasibility.
MIP search method: dynamic search.
Parallel mode: deterministic, using up to 4 threads.
Root relaxation solution time = 0.01 sec. (2.47 ticks)

        Nodes                                         Cuts/
   Node  Left     Objective  IInf  Best Integer    Best Bound    ItCnt     Gap

      0     0        6.0000    36                      6.0000      134         
      0     0        6.0000    24                    Cuts: 19      160         
      0     0        6.0000    26                    Cuts: 47      220         
      0     0        6.0000    30                    Cuts: 34      289         
  69784 37791       10.0000    21       11.0000        7.0000   535589   36.36%
*     0+    0                            9.0000        6.0000            33.33%
Detecting symmetries...
      0     2        6.0000    18        9.0000        6.0000      289   33.33%
Elapsed time = 0.18 sec. (257.96 ticks, tree = 0.02 MB, solutions = 1)
   2560  1022        8.0000     8        9.0000        6.0000    15010   33.33%

Performing restart 1

Repeating presolve.
Tried aggregator 1 time.
MIP Presolve eliminated 155 rows and 73 columns.
Reduced MIP has 656 rows, 289 columns, and 2412 nonzeros.
Reduced MIP has 282 binaries, 7 generals, 0 SOSs, and 0 indicators.
Presolve time = 0.00 sec. (1.48 ticks)
Tried aggregator 1 time.
MIP Presolve eliminated 17 rows and 9 columns.
MIP Presolve modified 22 coefficients.
Reduced MIP has 639 rows, 280 columns, and 2351 nonzeros.
Reduced MIP has 273 binaries, 7 generals, 0 SOSs, and 0 indicators.
Presolve time = 0.00 sec. (1.35 ticks)
Tried aggregator 1 time.
MIP Presolve modified 2 coefficients.
Reduced MIP has 639 rows, 280 columns, and 2351 nonzeros.
Reduced MIP has 273 binaries, 7 generals, 0 SOSs, and 0 indicators.
Presolve time = 0.00 sec. (1.63 ticks)
Represolve time = 0.01 sec. (20.31 ticks)
   4343     0        6.0000    23        9.0000      Cuts: 29    28142   33.33%
   4343     0        6.0000    25        9.0000      Cuts: 44    28184   33.33%
  71883 40224       10.0000    27       11.0000        7.0000   555046   36.36%
   4343     0        6.0000    22        9.0000       Cuts: 4    28197   33.33%
   4343     0        6.0000    25        9.0000     Cuts: 113    28221   33.33%
   4343     2        6.0000    14        9.0000        6.0000    28221   33.33%
   4987   234        7.0000    12        9.0000        6.0000    30947   33.33%
  75242 42697        9.0000    31       11.0000        7.0000   579609   36.36%
Elapsed time = 25.71 sec. (37267.45 ticks, tree = 44.09 MB, solutions = 4)
   6368  1026        7.0000     8        9.0000        6.0000    37034   33.33%
* 77665 43624      integral     0       10.0000        7.0000   591307   30.00%
   8030  1926        8.0000    17        9.0000        6.0000    44920   33.33%
  78126 15963        9.0000    28       10.0000        7.0000   599797   30.00%
  10689  3641        7.0000    14        9.0000        6.0000    58110   33.33%
  13409  5287        8.0000     8        9.0000        6.0000    73204   33.33%
  80601 16625        9.0000    26       10.0000        7.0000   609985   30.00%
  16573  7283        7.0000     8        9.0000        6.0000    91293   33.33%
  20065  8228        8.0000     8        9.0000        6.0000    99540   33.33%
  82602 19030    infeasible             10.0000        7.0000   635447   30.00%
* 85327 20371      integral     0        9.0000        7.0000   651814   22.22%
* 85423 10333      integral     0        8.0000        7.0000   661667   12.50%
  31053 15568        8.0000     9        9.0000        6.0000   158137   33.33%
Elapsed time = 3.17 sec. (3534.92 ticks, tree = 5.50 MB, solutions = 1)
* 32769+14084                            8.0000        6.0000            25.00%
  85481 10189        8.0000    30        8.0000        7.0000   655625   12.50%
  89065   842    infeasible              8.0000        7.0000   683843   12.50%

Performing restart 2

Repeating presolve.
Tried aggregator 1 time.
MIP Presolve eliminated 75 rows and 62 columns.
MIP Presolve modified 10 coefficients.
Reduced MIP has 564 rows, 218 columns, and 2810 nonzeros.
Reduced MIP has 211 binaries, 7 generals, 0 SOSs, and 0 indicators.
Presolve time = 0.00 sec. (2.85 ticks)
Tried aggregator 1 time.
MIP Presolve eliminated 27 rows and 9 columns.
MIP Presolve modified 59 coefficients.
Reduced MIP has 537 rows, 209 columns, and 2625 nonzeros.
Reduced MIP has 202 binaries, 7 generals, 0 SOSs, and 0 indicators.
Presolve time = 0.00 sec. (2.17 ticks)
Tried aggregator 1 time.
MIP Presolve eliminated 14 rows and 7 columns.
Reduced MIP has 523 rows, 202 columns, and 2496 nonzeros.
Reduced MIP has 195 binaries, 7 generals, 0 SOSs, and 0 indicators.
Presolve time = 0.00 sec. (1.92 ticks)
Tried aggregator 1 time.
Reduced MIP has 523 rows, 202 columns, and 2496 nonzeros.
Reduced MIP has 195 binaries, 7 generals, 0 SOSs, and 0 indicators.
Presolve time = 0.00 sec. (1.62 ticks)
Represolve time = 0.02 sec. (25.72 ticks)
  38221     0        6.0000    23        8.0000       Cuts: 8   198294   25.00%
  38221     0        6.0000    23        8.0000      Cuts: 77   198330   25.00%
  38221     0        6.0000    22        8.0000      Cuts: 18   198349   25.00%
  38221     0        6.0000    21        8.0000      Cuts: 18   198358   25.00%
  38221     0        6.0000    22        8.0000      Cuts: 59   198367   25.00%
  38221     0        6.0000    19        8.0000       Cuts: 5   198380   25.00%
  38221     0        6.0000    23        8.0000     Cuts: 132   198390   25.00%
  38221     2        6.0000    17        8.0000        6.0000   198390   25.00%
  91220   846        7.0000    38        8.0000        7.0000   699930   12.50%
  95296  1104    infeasible              8.0000        7.0000   726121   12.50%
  40881   975        6.0000    10        8.0000        6.0000   231912   25.00%
  98384   875        7.0000    51        8.0000        7.0000   743780   12.50%

Performing restart 2

Repeating presolve.
Tried aggregator 1 time.
MIP Presolve eliminated 1584 rows and 799 columns.
MIP Presolve modified 24 coefficients.
Reduced MIP has 1345 rows, 412 columns, and 5972 nonzeros.
Reduced MIP has 399 binaries, 13 generals, 0 SOSs, and 0 indicators.
Presolve time = 0.01 sec. (5.90 ticks)
Tried aggregator 1 time.
MIP Presolve eliminated 69 rows and 18 columns.
MIP Presolve modified 20 coefficients.
Reduced MIP has 1276 rows, 394 columns, and 5449 nonzeros.
Reduced MIP has 381 binaries, 13 generals, 0 SOSs, and 0 indicators.
Presolve time = 0.00 sec. (3.83 ticks)
Tried aggregator 1 time.
MIP Presolve eliminated 8 rows and 0 columns.
MIP Presolve modified 22 coefficients.
Reduced MIP has 1268 rows, 394 columns, and 5426 nonzeros.
Reduced MIP has 381 binaries, 13 generals, 0 SOSs, and 0 indicators.
Presolve time = 0.00 sec. (4.18 ticks)
Represolve time = 0.04 sec. (69.16 ticks)
  98551     0        7.0000    47        8.0000       Cuts: 9   754723   12.50%
  44805  2200        6.5062    19        8.0000        6.0000   296405   25.00%
  98551     0        7.0000    54        8.0000      Cuts: 83   754779   12.50%
  98551     0        7.0000    52        8.0000      Cuts: 74   754801   12.50%
  98551     0        7.0000    45        8.0000      Cuts: 39   754830   12.50%
  98551     0        7.0000    47        8.0000     Cuts: 147   754884   12.50%
  98551     0        7.0000    36        8.0000      Cuts: 60   754925   12.50%
  98551     0        7.0000    50        8.0000     Cuts: 296   754976   12.50%
  98551     0        7.0000    35        8.0000       Cuts: 2   754985   12.50%
  98551     0        7.0000    57        8.0000     Cuts: 282   755042   12.50%
  98551     0        7.0000    31        8.0000      Cuts: 29   755050   12.50%
  98551     0        7.0000    45        8.0000     Cuts: 335   755103   12.50%
  49324  4190        6.0000    12        8.0000        6.0000   350597   25.00%
  98553     3        7.0000    51        8.0000        7.0000   755108   12.50%
  54219  5898        6.0277    28        8.0000        6.0000   405761   25.00%
  98818    39        7.0000    42        8.0000        7.0000   764233   12.50%
Elapsed time = 31.73 sec. (46834.98 ticks, tree = 0.02 MB, solutions = 8)
  58808  7767        7.0000    11        8.0000        6.0000   472612   25.00%
  63612  9204        7.0000    13        8.0000        6.0000   541208   25.00%
  99144    50    infeasible              8.0000        7.0000   777687   12.50%
  69191 10987        7.0000    13        8.0000        6.0000   612259   25.00%
  74512 12553        6.0679    23        8.0000        6.0000   691355   25.00%
  99482    73        7.0000    33        8.0000        7.0000   791529   12.50%
  79641 13870        6.0000    15        8.0000        6.0000   765228   25.00%
Elapsed time = 9.57 sec. (13106.07 ticks, tree = 4.32 MB, solutions = 2)
  84161 15253        6.0000    15        8.0000        6.0000   828712   25.00%
  99974   145        7.0000    44        8.0000        7.0000   807086   12.50%
  89196 16824        7.0000    18        8.0000        6.0000   898062   25.00%
  94353 18579        6.0000    11        8.0000        6.0000   970513   25.00%
 100525   132        7.0000    30        8.0000        7.0000   826440   12.50%
  99185 20347        6.0439    26        8.0000        6.0000  1042100   25.00%
 104196 21760        7.0000     8        8.0000        6.0000  1103891   25.00%
 101124   178        7.0000    40        8.0000        7.0000   850884   12.50%
 109425 23520        7.0000    10        8.0000        6.0000  1182773   25.00%
 101640   137    infeasible              8.0000        7.0000   869023   12.50%
 114942 25031        6.0000    21        8.0000        6.0000  1255549   25.00%
 120063 26608    infeasible              8.0000        6.0000  1330291   25.00%
 102160   147        7.0000    56        8.0000        7.0000   886441   12.50%
 124872 28414        6.0000    11        8.0000        6.0000  1402699   25.00%
 129738 30156        7.0000     6        8.0000        6.0000  1474569   25.00%
Elapsed time = 15.06 sec. (22644.82 ticks, tree = 9.45 MB, solutions = 2)
 102658   122    infeasible              8.0000        7.0000   906198   12.50%
 134970 31898        6.0670    25        8.0000        6.0000  1538979   25.00%
 141153 32284    infeasible              8.0000        6.8676  1605194   14.16%
 103062   121        7.0000    30        8.0000        7.0000   923183   12.50%
 147736 29632    infeasible              8.0000        7.0000  1675796   12.50%
 103437    91        7.0000    31        8.0000        7.0000   938677   12.50%
Elapsed time = 41.97 sec. (56401.67 ticks, tree = 0.05 MB, solutions = 8)
 154218 27066    infeasible              8.0000        7.0000  1746647   12.50%
 160209 25052    infeasible              8.0000        7.0000  1823997   12.50%
 104026   104    infeasible              8.0000        7.0000   953552   12.50%
 166399 22700        7.0000     6        8.0000        7.0000  1904223   12.50%
 172894 20710    infeasible              8.0000        7.0000  1968534   12.50%
 104500   127    infeasible              8.0000        7.0000   972804   12.50%
*104536   117      integral     0        7.0000        7.0000   971178    0.00%
 178956 18843    infeasible              8.0000        7.0000  2056147   12.50%

Clique cuts applied:  3
Cover cuts applied:  53
Flow cuts applied:  1
Gomory fractional cuts applied:  4

Root node processing (before b&c):
  Real time             =    1.64 sec. (2767.47 ticks)
Parallel b&c, 4 threads:
  Real time             =   42.72 sec. (55976.35 ticks)
  Sync time (average)   =   10.91 sec.
  Wait time (average)   =    0.00 sec.
                          ------------
Total (root+branch&cut) =   44.37 sec. (58743.82 ticks)
FEAS... [BinarySearch] Testing t = 14 in range [7, 22] ... FEASIBLE
[BinarySearch] Testing t = 10 in range [7, 13] ...  185041 17383    infeasible              8.0000        7.0000  2127777   12.50%
 191028 15957    infeasible              8.0000        7.0000  2198093   12.50%
Elapsed time = 20.71 sec. (32183.10 ticks, tree = 5.57 MB, solutions = 2)
 196911 14246        7.0000    18        8.0000        7.0000  2283025   12.50%
FEASIBLE
[BinarySearch] Testing t = 8 in range [7, 9] ...  202779 12954        7.0000    20        8.0000        7.0000  2356312   12.50%
 208790 11435        7.0000    14        8.0000        7.0000  2435863   12.50%
 214890  9984    infeasible              8.0000        7.0000  2513664   12.50%
 221051  8835        7.0000    12        8.0000        7.0000  2582329   12.50%
 227510  7805    infeasible              8.0000        7.0000  2653849   12.50%
 233853  6101    infeasible              8.0000        7.0000  2743994   12.50%
 240210  4855    infeasible              8.0000        7.0000  2814471   12.50%
 246348  4017    infeasible              8.0000        7.0000  2886317   12.50%
 252202  3320        7.0000    13        8.0000        7.0000  2950727   12.50%
Elapsed time = 26.55 sec. (41721.30 ticks, tree = 2.07 MB, solutions = 2)
 256955  2765    infeasible              8.0000        7.0000  2999893   12.50%
 262705  2058        7.0000    14        8.0000        7.0000  3070798   12.50%
 268375  1218        7.0000    15        8.0000        7.0000  3156065   12.50%
 273461   584        7.0000    15        8.0000        7.0000  3221736   12.50%

GUB cover cuts applied:  1
Clique cuts applied:  4
Cover cuts applied:  110
Implied bound cuts applied:  11
Flow cuts applied:  1
Mixed integer rounding cuts applied:  11
Zero-half cuts applied:  3
Gomory fractional cuts applied:  4

Root node processing (before b&c):
  Real time             =    0.17 sec. (257.69 ticks)
Parallel b&c, 4 threads:
  Real time             =   29.09 sec. (45652.55 ticks)
  Sync time (average)   =    2.68 sec.
  Wait time (average)   =    0.00 sec.
                          ------------
Total (root+branch&cut) =   29.26 sec. (45910.25 ticks)
tFEAS... [BinarySearch] Testing t = 7 in range [6, 9] ... FEASIBLE
[BinarySearch] Testing t = 7 in range [7, 7] ... INFEASIBLE
[BinarySearch] Testing t = 8 in range [8, 9] ... FEASIBLE
tMAX... 
[2/229] Solving drand-10-110-2.txt ... 
  nIP... Version identifier: 22.1.1.0 | 2022-11-28 | 9160aff4d
CPXPARAM_Threads                                 4
CPXPARAM_TimeLimit                               3600
Tried aggregator 1 time.
MIP Presolve eliminated 24 rows and 11 columns.
MIP Presolve modified 1150 coefficients.
Reduced MIP has 1012 rows, 459 columns, and 3902 nonzeros.
Reduced MIP has 450 binaries, 9 generals, 0 SOSs, and 0 indicators.
Presolve time = 0.00 sec. (3.42 ticks)
Probing fixed 14 vars, tightened 0 bounds.
Probing time = 0.02 sec. (47.99 ticks)
Tried aggregator 1 time.
Detecting symmetries...
MIP Presolve eliminated 28 rows and 14 columns.
Reduced MIP has 984 rows, 445 columns, and 3792 nonzeros.
Reduced MIP has 436 binaries, 9 generals, 0 SOSs, and 0 indicators.
Presolve time = 0.00 sec. (3.46 ticks)
Probing time = 0.00 sec. (3.85 ticks)
Clique table members: 2231.
MIP emphasis: balance optimality and feasibility.
MIP search method: dynamic search.
Parallel mode: deterministic, using up to 4 threads.
Root relaxation solution time = 0.02 sec. (2.89 ticks)

        Nodes                                         Cuts/
   Node  Left     Objective  IInf  Best Integer    Best Bound    ItCnt     Gap

      0     0        6.0000    60                      6.0000      138         
      0     0        6.0000    22                  Cliques: 1      146         
      0     0        6.0000    21                    Cuts: 27      166         
      0     0        6.0000    23                    Cuts: 20      187         
*     0+    0                           10.0000        6.0000            40.00%
Detecting symmetries...
      0     2        6.0000    13       10.0000        6.0000      187   40.00%
Elapsed time = 0.15 sec. (205.52 ticks, tree = 0.02 MB, solutions = 1)
*  1234   859      integral     0        9.0000        6.0000     5874   33.33%
   1864   667        8.0000    12        9.0000        6.0000     8811   33.33%

Performing restart 1

Repeating presolve.
Tried aggregator 1 time.
MIP Presolve eliminated 334 rows and 159 columns.
Reduced MIP has 650 rows, 286 columns, and 2389 nonzeros.
Reduced MIP has 279 binaries, 7 generals, 0 SOSs, and 0 indicators.
Presolve time = 0.00 sec. (1.58 ticks)
Tried aggregator 1 time.
MIP Presolve eliminated 16 rows and 8 columns.
Reduced MIP has 634 rows, 278 columns, and 2333 nonzeros.
Reduced MIP has 271 binaries, 7 generals, 0 SOSs, and 0 indicators.
Presolve time = 0.00 sec. (1.34 ticks)
Tried aggregator 1 time.
Reduced MIP has 634 rows, 278 columns, and 2333 nonzeros.
Reduced MIP has 271 binaries, 7 generals, 0 SOSs, and 0 indicators.
Presolve time = 0.00 sec. (1.63 ticks)
Represolve time = 0.01 sec. (20.11 ticks)
   2743     0        6.0000    28        9.0000      Cuts: 48    14298   33.33%
   2743     0        6.0000    23        9.0000      Cuts: 44    14343   33.33%
   2743     0        6.0000    23        9.0000      Cuts: 64    14380   33.33%
   2743     0        6.0000    31        9.0000      Cuts: 33    14409   33.33%
   2870    49    infeasible              9.0000        6.0000    15102   33.33%
   3620   398        6.0000    20        9.0000        6.0000    18966   33.33%
*  4073+  572                            8.0000        6.0000            25.00%
   4975   800        7.0000     8        8.0000        6.0000    26168   25.00%
   8085  2036        7.0000    14        8.0000        6.0000    38819   25.00%
  10976  3370        7.0000    12        8.0000        6.0000    54841   25.00%
  13931  4786    infeasible              8.0000        6.0000    68973   25.00%
  16150  6020        7.0000    19        8.0000        6.0000    85011   25.00%
  18357  7371        7.0000     9        8.0000        6.0000   102872   25.00%
  28871 12266    infeasible              8.0000        6.0000   174680   25.00%
Elapsed time = 2.48 sec. (3307.83 ticks, tree = 4.46 MB, solutions = 3)

Performing restart 2

Repeating presolve.
Tried aggregator 1 time.
MIP Presolve eliminated 90 rows and 66 columns.
MIP Presolve modified 50 coefficients.
Reduced MIP has 544 rows, 212 columns, and 2739 nonzeros.
Reduced MIP has 205 binaries, 7 generals, 0 SOSs, and 0 indicators.
Presolve time = 0.00 sec. (3.38 ticks)
Tried aggregator 1 time.
MIP Presolve eliminated 13 rows and 7 columns.
MIP Presolve modified 26 coefficients.
Reduced MIP has 531 rows, 205 columns, and 2595 nonzeros.
Reduced MIP has 198 binaries, 7 generals, 0 SOSs, and 0 indicators.
Presolve time = 0.00 sec. (2.52 ticks)
Tried aggregator 1 time.
MIP Presolve eliminated 0 rows and 2 columns.
Reduced MIP has 531 rows, 203 columns, and 2585 nonzeros.
Reduced MIP has 196 binaries, 7 generals, 0 SOSs, and 0 indicators.
Presolve time = 0.00 sec. (1.73 ticks)
Represolve time = 0.02 sec. (19.68 ticks)
  28936     0        6.0000    28        8.0000      Cuts: 43   178828   25.00%
  28936     0        6.0000    20        8.0000      Cuts: 54   178855   25.00%
  28936     0        6.0000    22        8.0000      Cuts: 44   178877   25.00%
  28936     0        6.0000    27        8.0000      Cuts: 32   178896   25.00%
  28936     0        6.0000    33        8.0000      Cuts: 22   178930   25.00%
  28936     0        6.0000    18        8.0000      Cuts: 22   178945   25.00%
  28936     0        6.0000    16        8.0000      Cuts: 72   178993   25.00%
  28936     0        6.0000    23        8.0000      Cuts: 23   179015   25.00%
  28936     0        6.0000    25        8.0000      Cuts: 67   179048   25.00%
  30795   780        7.0000    10        8.0000        6.0000   204101   25.00%
  35331  2522        7.0000    17        8.0000        6.0000   261997   25.00%
  40039  4184        7.0000     8        8.0000        6.0000   320932   25.00%
  44736  5962        7.0000    14        8.0000        6.0000   386870   25.00%
  49455  7533        7.0000    16        8.0000        6.0000   449024   25.00%
  54112  8872        6.0000     8        8.0000        6.0000   519830   25.00%
  58664 10802        6.0000    13        8.0000        6.0000   589906   25.00%
  62676 12385        7.0000     8        8.0000        6.0000   645863   25.00%
  67299 14097        7.0000    15        8.0000        6.0000   724074   25.00%
  72703 16068    infeasible              8.0000        6.0000   785172   25.00%
Elapsed time = 12.29 sec. (12847.96 ticks, tree = 4.89 MB, solutions = 3)
  78610 18560        6.0000    16        8.0000        6.0000   872903   25.00%
FEASIBLE
MAX... 
  tIP... Version identifier: 22.1.1.0 | 2022-11-28 | 9160aff4d
CPXPARAM_Threads                                 4
CPXPARAM_TimeLimit                               3600
Tried aggregator 1 time.
MIP Presolve eliminated 22 rows and 10 columns.
MIP Presolve modified 1799 coefficients.
Reduced MIP has 1561 rows, 692 columns, and 5890 nonzeros.
Reduced MIP has 684 binaries, 8 generals, 0 SOSs, and 0 indicators.
Presolve time = 0.00 sec. (4.92 ticks)
  83748 20840        7.0000    10        8.0000        6.0000   962155   25.00%
Probing fixed 18 vars, tightened 0 bounds.
Probing time = 0.02 sec. (60.29 ticks)
Tried aggregator 1 time.
Detecting symmetries...
MIP Presolve eliminated 36 rows and 18 columns.
Reduced MIP has 1525 rows, 674 columns, and 5762 nonzeros.
Reduced MIP has 666 binaries, 8 generals, 0 SOSs, and 0 indicators.
Presolve time = 0.00 sec. (4.26 ticks)
Probing time = 0.00 sec. (4.57 ticks)
Clique table members: 3207.
MIP emphasis: balance optimality and feasibility.
MIP search method: dynamic search.
Parallel mode: deterministic, using up to 4 threads.
Root relaxation solution time = 0.03 sec. (7.10 ticks)

        Nodes                                         Cuts/
   Node  Left     Objective  IInf  Best Integer    Best Bound    ItCnt     Gap

      0     0        7.0000   153                      7.0000      299         
      0     0        7.0000    77                    Cuts: 18      324         
      0     0        7.0000    66                    Cuts: 96      396         
      0     0        7.0000    63                    Cuts: 25      415         
      0     0        7.0000    63                    Cuts: 20      426         
      0     0        7.0000    37                     Cuts: 2      427         
Detecting symmetries...
      0     0        7.0000    37                    Cuts: 26      446         
Detecting symmetries...
      0     2        7.0000    34                      7.0000      446         
Elapsed time = 0.24 sec. (311.61 ticks, tree = 0.02 MB, solutions = 0)
   1124   478        9.0000    33                      7.0000     9614         
   2691  1153        8.0000    37                      7.0000    19097         
  88997 22848        6.0687    25        8.0000        6.0000  1026527   25.00%

Performing restart 1

Repeating presolve.
Tried aggregator 1 time.
Reduced MIP has 1525 rows, 674 columns, and 5762 nonzeros.
Reduced MIP has 666 binaries, 8 generals, 0 SOSs, and 0 indicators.
Presolve time = 0.00 sec. (3.05 ticks)
Tried aggregator 1 time.
Reduced MIP has 1525 rows, 674 columns, and 5762 nonzeros.
Reduced MIP has 666 binaries, 8 generals, 0 SOSs, and 0 indicators.
Presolve time = 0.00 sec. (3.81 ticks)
Represolve time = 0.02 sec. (51.27 ticks)
   3658     0        7.0000    66                    Cuts: 64    28009         
   3658     0        7.0000    63                   Cuts: 204    28105         
   3658     0        7.0000    49                   Cuts: 185    28160         
   3658     0        7.0000    63                    Cuts: 90    28231         
   3658     0        7.0000    49                     Cuts: 4    28253         
   3658     0        7.0000    51                   Cuts: 217    28293         
   3658     0        7.0000    45                    Cuts: 24    28349         
   3658     0        7.0000    46                     Cuts: 8    28369         
   3658     2        7.0000    34                      7.0000    28369         
   3826    50        7.0000    42                      7.0000    31049         
  94354 25191        6.0000    13        8.0000        6.0000  1098037   25.00%
   4443   297        9.0000    30                      7.0000    36182         
   5445   877        9.0000    48                      7.0000    43011         
   6305  1478        9.0000    24                      7.0000    50158         
   7128  1806        8.0000    24                      7.0000    56199         
   7742  2162        8.0000    31                      7.0000    60822         
  99788 27352        7.0000    15        8.0000        6.0000  1175713   25.00%
 105393 29863        7.0000    18        8.0000        6.0000  1237762   25.00%

Performing restart 2

Repeating presolve.
Tried aggregator 1 time.
MIP Presolve eliminated 3 rows and 0 columns.
Reduced MIP has 1522 rows, 674 columns, and 7934 nonzeros.
Reduced MIP has 666 binaries, 8 generals, 0 SOSs, and 0 indicators.
Presolve time = 0.00 sec. (4.48 ticks)
Tried aggregator 1 time.
Reduced MIP has 1522 rows, 674 columns, and 7934 nonzeros.
Reduced MIP has 666 binaries, 8 generals, 0 SOSs, and 0 indicators.
Presolve time = 0.00 sec. (5.14 ticks)
Represolve time = 0.03 sec. (58.91 ticks)
  10518     0        7.0000    40                    Cuts: 11    81388         
  10518     0        7.0000    45                   Cuts: 139    81423         
  10518     0        7.0000    42                    Cuts: 39    81460         
  10518     0        7.0000    46                   Cuts: 250    81512         
  10518     0        7.0000    34                     Cuts: 7    81535         
  10518     0        7.0000    61                   Cuts: 290    81606         
  10518     0        7.0000    34                     Cuts: 6    81624         
  10518     0        7.0000    43                   Cuts: 256    81674         
  10518     0        7.0000    57                   Cuts: 189    81732         
  10518     0        7.0000    29                     Cuts: 4    81740         
  10518     0        7.0000    42                   Cuts: 203    81791         
 110794 31922        7.0000    15        8.0000        6.0000  1310605   25.00%
  10518     2        7.0000    42                      7.0000    81791         
Elapsed time = 3.59 sec. (4947.93 ticks, tree = 0.02 MB, solutions = 0)
 116172 33726        7.0000    11        8.0000        6.0000  1372429   25.00%
  10783    63        8.0000    30                      7.0000    89050         
 121258 36027        7.0000     8        8.0000        6.0000  1438331   25.00%
 126399 38212    infeasible              8.0000        6.0000  1509011   25.00%
Elapsed time = 19.41 sec. (22386.23 ticks, tree = 13.00 MB, solutions = 3)
  11134   137        7.0829    60                      7.0000    97123         
 131579 40071    infeasible              8.0000        6.0000  1574280   25.00%
  11629   355    infeasible                            7.0000   108597         
 137208 42790        7.0000    19        8.0000        6.0000  1645881   25.00%
 142775 45422        7.0000    10        8.0000        6.0000  1727921   25.00%
  12040   569        8.0000    27                      7.0000   119707         
 148939 47636        7.0000    10        8.0000        6.0000  1808746   25.00%
 154226 49242    infeasible              8.0000        6.0000  1883287   25.00%
  12579   828        7.0000    36                      7.0000   132274         
 159588 50167        7.0000    11        8.0000        6.5000  1969333   18.75%
  13125  1085        7.0000    28                      7.0000   140752         
 165628 48851        7.0000     8        8.0000        7.0000  2022517   12.50%
  13639  1406        8.0000    26                      7.0000   151597         
 171536 47214        7.0000    13        8.0000        7.0000  2084159   12.50%
  14210  1751        8.0000    30                      7.0000   163394         
 177478 45344        7.0000    14        8.0000        7.0000  2159133   12.50%
  14748  2113        7.0000    51                      7.0000   176703         
  15360  2533        8.0000    28                      7.0000   191252         
Elapsed time = 11.25 sec. (14496.24 ticks, tree = 1.54 MB, solutions = 0)
 183639 43386        7.0000     8        8.0000        7.0000  2236448   12.50%
Elapsed time = 25.90 sec. (31924.19 ticks, tree = 14.47 MB, solutions = 3)
  16013  2862        9.0000    27                      7.0000   203653         
  16479  3138        8.0084    53                      7.0000   217809         
 189589 41476    infeasible              8.0000        7.0000  2320940   12.50%
  17082  3430        7.0000    24                      7.0000   233808         
 196035 39879        7.0000     8        8.0000        7.0000  2386978   12.50%
  17859  3901        8.0114    41                      7.0000   248674         
  18479  4462        8.0000    37                      7.0000   263675         
 201799 38075        7.0000    13        8.0000        7.0000  2463868   12.50%
  19085  4872    infeasible                            7.0000   275497         
 207648 36384        7.0000    21        8.0000        7.0000  2551493   12.50%
  19779  5292        8.0000    28                      7.0000   286991         
 213429 35026    infeasible              8.0000        7.0000  2628172   12.50%
  20561  5761        7.0000    32                      7.0000   302342         
 219064 33305        7.0000    17        8.0000        7.0000  2718942   12.50%
  21184  6281        7.0000    32                      7.0000   318829         
 224945 31981        cutoff              8.0000        7.0000  2787985   12.50%
 230987 30355        7.0000     8        8.0000        7.0000  2874776   12.50%
  21899  6765        9.0000    29                      7.0000   334539         
Elapsed time = 18.55 sec. (24052.76 ticks, tree = 4.16 MB, solutions = 0)
 236759 28747        7.0000    11        8.0000        7.0000  2956353   12.50%
 242473 27354        7.0000    10        8.0000        7.0000  3056276   12.50%
Elapsed time = 33.44 sec. (41463.53 ticks, tree = 10.10 MB, solutions = 3)
  22551  7289        9.0000    20                      7.0000   350182         
 248115 26064    infeasible              8.0000        7.0000  3137605   12.50%
  23156  7722        8.0000    24                      7.0000   366722         
 253772 24846        7.0000    12        8.0000        7.0000  3214989   12.50%
 259484 23564        7.0000     8        8.0000        7.0000  3291352   12.50%
  23794  8029        8.0000    28                      7.0000   378152         
 265300 22099    infeasible              8.0000        7.0000  3391171   12.50%
  24460  8594        8.0000    28                      7.0000   396345         
 271107 20974        7.0000    17        8.0000        7.0000  3458055   12.50%
 276498 20103    infeasible              8.0000        7.0000  3531124   12.50%
  25047  8916        9.0000    34                      7.0000   409158         
 282222 18915        7.0000    15        8.0000        7.0000  3617800   12.50%
 288083 17947    infeasible              8.0000        7.0000  3694653   12.50%
  25666  9261        9.0000    28                      7.0000   421245         
 293865 16719    infeasible              8.0000        7.0000  3781018   12.50%
  26199  9704        9.0000    36                      7.0000   435732         
 299479 15744    infeasible              8.0000        7.0000  3855796   12.50%
Elapsed time = 40.18 sec. (51002.05 ticks, tree = 6.89 MB, solutions = 3)
  26720 10019        8.0000    21                      7.0000   445989         
 305190 14607        7.0000    16        8.0000        7.0000  3952069   12.50%
  27199 10403        8.0000    19                      7.0000   462078         
  27671 10531        8.0000    24                      7.0000   470419         
Elapsed time = 27.70 sec. (33602.66 ticks, tree = 6.56 MB, solutions = 0)
 310751 13589    infeasible              8.0000        7.0000  4032515   12.50%
  28213 10849        8.0000    26                      7.0000   484834         
 316234 12653    infeasible              8.0000        7.0000  4101038   12.50%
  28736 11250        9.0000    26                      7.0000   504601         
  29302 11625        8.0000    27                      7.0000   519340         
 321880 11511        7.0000    18        8.0000        7.0000  4178670   12.50%
  29835 11787        8.0000    30                      7.0000   526340         
 327731 10294        7.0000    10        8.0000        7.0000  4257656   12.50%
  30471 12225        8.0000    32                      7.0000   547241         
 333452  9308        7.0000     8        8.0000        7.0000  4330127   12.50%
  30917 12686        9.0000    22                      7.0000   565098         
 339257  7906        7.0000     8        8.0000        7.0000  4429229   12.50%
  31494 12835        8.0000    34                      7.0000   571339         
  32125 13324        7.0000    29                      7.0000   584260         
 344849  6874    infeasible              8.0000        7.0000  4499063   12.50%
  32611 13816        9.0000    22                      7.0000   598415         
  33109 14082        8.0000    28                      7.0000   609315         
Elapsed time = 34.34 sec. (43153.73 ticks, tree = 8.53 MB, solutions = 0)
 350340  5969        7.0000    12        8.0000        7.0000  4574008   12.50%
 355710  5008        7.0000    15        8.0000        7.0000  4658492   12.50%
Elapsed time = 49.37 sec. (60541.66 ticks, tree = 3.89 MB, solutions = 3)
  33637 14404        9.0000    26                      7.0000   618728         
  34203 14775        9.0000    22                      7.0000   630065         
 359710  4316    infeasible              8.0000        7.0000  4718315   12.50%
  34644 15272        8.1339    40                      7.0000   646274         
 364691  3737    infeasible              8.0000        7.0000  4762694   12.50%
  35212 15534        9.0000    28                      7.0000   656912         
  35808 15818        8.0947    37                      7.0000   667003         
 370226  2894        7.0000    10        8.0000        7.0000  4850163   12.50%
  36500 16315        8.0000    24                      7.0000   679791         
  37373 16680        8.0000    24                      7.0000   691681         
 375722  2264        7.0000    12        8.0000        7.0000  4917131   12.50%
  38079 17541        9.0000    20                      7.0000   717249         
 381051  1682    infeasible              8.0000        7.0000  5004006   12.50%
 386316  1210        7.0000    26        8.0000        7.0000  5070539   12.50%
  38755 17965        8.0000    26                      7.0000   732717         
 391208   740        7.0000    14        8.0000        7.0000  5136740   12.50%
  39479 18296        8.0000    32                      7.0000   741976         
Elapsed time = 41.45 sec. (52696.85 ticks, tree = 11.58 MB, solutions = 0)

GUB cover cuts applied:  11
Clique cuts applied:  6
Cover cuts applied:  87
Implied bound cuts applied:  15
Flow cuts applied:  11
Mixed integer rounding cuts applied:  23
Zero-half cuts applied:  5
Gomory fractional cuts applied:  5

Root node processing (before b&c):
  Real time             =    0.15 sec. (205.19 ticks)
Parallel b&c, 4 threads:
  Real time             =   55.56 sec. (67757.02 ticks)
  Sync time (average)   =   10.96 sec.
  Wait time (average)   =    0.00 sec.
                          ------------
Total (root+branch&cut) =   55.71 sec. (67962.21 ticks)
nFEAS... [BinarySearch] Testing t = 8 in range [6, 10] ... * 39742+18417                            9.0000        7.0000            22.22%
  40080 18679        9.0000    22        9.0000        7.0000   754014   22.22%
  40652 10599        8.0000    32        9.0000        7.0000   766451   22.22%
FEASIBLE
[BinarySearch] Testing t = 6 in range [6, 7] ...   41119 10829        8.0000    32        9.0000        7.0000   783899   22.22%
  41629 11105        7.0000    30        9.0000        7.0000   800402   22.22%
  42197 11218        7.0000    39        9.0000        7.0000   811044   22.22%
INFEASIBLE
[BinarySearch] Testing t = 7 in range [7, 7] ...   42737 11357        7.0000    26        9.0000        7.0000   824151   22.22%
  43289 11524        7.0000    30        9.0000        7.0000   842408   22.22%
  43777 11637        7.0000    37        9.0000        7.0000   858336   22.22%
  44418 11926    infeasible              9.0000        7.0000   883672   22.22%
  45065 12050        7.0000    33        9.0000        7.0000   894769   22.22%
Elapsed time = 46.49 sec. (62267.27 ticks, tree = 8.07 MB, solutions = 1)
  45610 12262        8.0000    26        9.0000        7.0000   910990   22.22%
  46120 12482        7.0000    26        9.0000        7.0000   927402   22.22%
  46752 12790    infeasible              9.0000        7.0000   949550   22.22%
  47305 13055        8.0000    29        9.0000        7.0000   970348   22.22%
  47838 13163        7.0000    29        9.0000        7.0000   980178   22.22%
  48378 13404        8.0000    24        9.0000        7.0000   996689   22.22%
  48893 13449        7.0000    38        9.0000        7.0000  1010868   22.22%
  49459 13664        8.0000    22        9.0000        7.0000  1031882   22.22%
  49996 13811        7.0000    34        9.0000        7.0000  1052333   22.22%
  50490 13920        8.0000    35        9.0000        7.0000  1064093   22.22%
Elapsed time = 51.36 sec. (71817.63 ticks, tree = 9.11 MB, solutions = 1)
  50967 14104        8.0000    29        9.0000        7.0000  1073222   22.22%
  51384 14193        8.0000    35        9.0000        7.0000  1087214   22.22%
  51909 14382        7.0000    29        9.0000        7.0000  1108046   22.22%
  52600 14603    infeasible              9.0000        7.0000  1128459   22.22%
  53239 14818        7.0000    35        9.0000        7.0000  1148423   22.22%
  53850 14941        8.0000    33        9.0000        7.0000  1162338   22.22%
  54330 15111        8.0000    36        9.0000        7.0000  1176346   22.22%
  54863 15248        8.0000    29        9.0000        7.0000  1192702   22.22%
  55423 15374        7.0000    34        9.0000        7.0000  1213056   22.22%
  55963 15567    infeasible              9.0000        7.0000  1236585   22.22%
Elapsed time = 56.27 sec. (81372.19 ticks, tree = 10.03 MB, solutions = 1)
  56579 15636        7.0000    28        9.0000        7.0000  1256020   22.22%
  57160 15718    infeasible              9.0000        7.0000  1265017   22.22%
  57753 15862    infeasible              9.0000        7.0000  1288896   22.22%
  58291 16103        8.0000    32        9.0000        7.0000  1309130   22.22%
  58893 16147        8.0000    36        9.0000        7.0000  1324308   22.22%
  59558 16284        7.5000    44        9.0000        7.0000  1341147   22.22%
  60150 16426        8.0000    29        9.0000        7.0000  1359283   22.22%
  60629 16515        8.0000    28        9.0000        7.0000  1373614   22.22%
  61148 16626    infeasible              9.0000        7.0000  1397354   22.22%
  63427 17155    infeasible              9.0000        7.0000  1462978   22.22%
Elapsed time = 63.67 sec. (93789.68 ticks, tree = 10.91 MB, solutions = 1)
  65989 18096        8.0000    30        9.0000        7.0000  1541327   22.22%
  68838 19574        8.0000    32        9.0000        7.0000  1613909   22.22%
  71889 21076        cutoff              9.0000        7.0000  1681874   22.22%
  75452 22190        8.0000    35        9.0000        7.0000  1757080   22.22%
* 78325 23499      integral     0        8.0000        7.0000  1841477   12.50%
  78400 23421        7.0000    41        8.0000        7.0000  1837397   12.50%
* 79149  2032      integral     0        7.0000        7.0000  1852766    0.00%

GUB cover cuts applied:  6
Cover cuts applied:  11
Implied bound cuts applied:  7
Flow cuts applied:  1
Mixed integer rounding cuts applied:  3
Zero-half cuts applied:  3
Gomory fractional cuts applied:  7

Root node processing (before b&c):
  Real time             =    0.24 sec. (311.09 ticks)
Parallel b&c, 4 threads:
  Real time             =   75.21 sec. (114015.87 ticks)
  Sync time (average)   =   12.91 sec.
  Wait time (average)   =    0.00 sec.
                          ------------
Total (root+branch&cut) =   75.46 sec. (114326.97 ticks)
tFEAS... [BinarySearch] Testing t = 8 in range [7, 9] ... FEASIBLE
[BinarySearch] Testing t = 7 in range [7, 7] ... INFEASIBLE
nMAX... 
  IP... Version identifier: 22.1.1.0 | 2022-11-28 | 9160aff4d
CPXPARAM_Threads                                 4
CPXPARAM_TimeLimit                               3600
Tried aggregator 1 time.
MIP Presolve eliminated 24 rows and 11 columns.
MIP Presolve modified 1378 coefficients.
Reduced MIP has 1223 rows, 561 columns, and 4801 nonzeros.
Reduced MIP has 551 binaries, 10 generals, 0 SOSs, and 0 indicators.
Presolve time = 0.00 sec. (4.07 ticks)
Probing fixed 17 vars, tightened 0 bounds.
Probing time = 0.03 sec. (77.36 ticks)
Tried aggregator 1 time.
Detecting symmetries...
MIP Presolve eliminated 34 rows and 17 columns.
Reduced MIP has 1189 rows, 544 columns, and 4664 nonzeros.
Reduced MIP has 534 binaries, 10 generals, 0 SOSs, and 0 indicators.
Presolve time = 0.00 sec. (4.36 ticks)
Probing time = 0.00 sec. (4.15 ticks)
Clique table members: 2676.
MIP emphasis: balance optimality and feasibility.
MIP search method: dynamic search.
Parallel mode: deterministic, using up to 4 threads.
Root relaxation solution time = 0.01 sec. (3.76 ticks)

        Nodes                                         Cuts/
   Node  Left     Objective  IInf  Best Integer    Best Bound    ItCnt     Gap

      0     0        5.0000    45                      5.0000      145         
      0     0        5.0000    17                     Cuts: 6      148         
      0     0        5.0000    23                    Cuts: 44      175         
      0     0        5.0000    14                     Cuts: 3      181         
      0     0        5.0000    14                    Cuts: 15      196         
*     0+    0                           10.0000        5.0000            50.00%
Detecting symmetries...

Repeating presolve.
Tried aggregator 1 time.
MIP Presolve eliminated 372 rows and 178 columns.
Reduced MIP has 817 rows, 366 columns, and 3090 nonzeros.
Reduced MIP has 358 binaries, 8 generals, 0 SOSs, and 0 indicators.
Presolve time = 0.00 sec. (1.93 ticks)
Probing fixed 8 vars, tightened 0 bounds.
Probing time = 0.00 sec. (12.06 ticks)
Tried aggregator 1 time.
MIP Presolve eliminated 16 rows and 8 columns.
Reduced MIP has 801 rows, 358 columns, and 3034 nonzeros.
Reduced MIP has 350 binaries, 8 generals, 0 SOSs, and 0 indicators.
Presolve time = 0.00 sec. (1.67 ticks)
Probing time = 0.00 sec. (3.47 ticks)
Tried aggregator 1 time.
Detecting symmetries...
Reduced MIP has 801 rows, 358 columns, and 3034 nonzeros.
Reduced MIP has 350 binaries, 8 generals, 0 SOSs, and 0 indicators.
Presolve time = 0.00 sec. (2.06 ticks)
Represolve time = 0.01 sec. (23.05 ticks)
Probing time = 0.00 sec. (3.44 ticks)
Clique table members: 1835.
MIP emphasis: balance optimality and feasibility.
MIP search method: dynamic search.
Parallel mode: deterministic, using up to 4 threads.
Root relaxation solution time = 0.00 sec. (2.10 ticks)

        Nodes                                         Cuts/
   Node  Left     Objective  IInf  Best Integer    Best Bound    ItCnt     Gap

*     0+    0                           10.0000        5.0000            50.00%
      0     0        5.0000    30       10.0000        5.0000      294   50.00%
      0     0        5.0000    14       10.0000      Cuts: 19      312   50.00%
      0     0        5.0000    18       10.0000      Cuts: 22      339   50.00%
      0     0        5.0000    26       10.0000      Cuts: 26      355   50.00%
Detecting symmetries...
      0     2        5.0000    12       10.0000        5.0000      355   50.00%
Elapsed time = 0.27 sec. (426.95 ticks, tree = 0.02 MB, solutions = 1)
*  1644+ 1114                            9.0000        5.0000            44.44%
   2939  1507        7.0000     8        9.0000        5.0000    16950   44.44%

Performing restart 1

Repeating presolve.
Tried aggregator 1 time.
MIP Presolve eliminated 150 rows and 71 columns.
Reduced MIP has 651 rows, 287 columns, and 2401 nonzeros.
Reduced MIP has 280 binaries, 7 generals, 0 SOSs, and 0 indicators.
Presolve time = 0.00 sec. (1.48 ticks)
Tried aggregator 1 time.
MIP Presolve eliminated 16 rows and 8 columns.
Reduced MIP has 635 rows, 279 columns, and 2345 nonzeros.
Reduced MIP has 272 binaries, 7 generals, 0 SOSs, and 0 indicators.
Presolve time = 0.00 sec. (1.36 ticks)
Tried aggregator 1 time.
Reduced MIP has 635 rows, 279 columns, and 2345 nonzeros.
Reduced MIP has 272 binaries, 7 generals, 0 SOSs, and 0 indicators.
Presolve time = 0.00 sec. (1.64 ticks)
Represolve time = 0.01 sec. (19.85 ticks)
   3726     0        5.0000    25        9.0000      Cuts: 18    22595   44.44%
   3726     0        5.0000    31        9.0000     Cuts: 134    22632   44.44%
   3726     0        5.0000    24        9.0000      Cuts: 14    22638   44.44%
   3726     0        5.0000    14        9.0000     Cuts: 160    22665   44.44%
   3726     0        5.0000    16        9.0000      Cuts: 68    22682   44.44%
   3726     0        5.0000    12        9.0000       Cuts: 2    22690   44.44%
   3726     0        5.0000    16        9.0000      Cuts: 85    22707   44.44%
   3726     2        5.0000    16        9.0000        5.0000    22707   44.44%
   4599   526        8.0000     8        9.0000        5.0000    28591   44.44%
   5826  1273        7.0000    25        9.0000        5.0000    35567   44.44%
   7520  2410    infeasible              9.0000        5.0000    45470   44.44%
   9879  4349        8.0000     6        9.0000        5.0000    62735   44.44%
  12613  6408        8.0000     8        9.0000        5.0000    78469   44.44%
  16086  7774        8.0000    14        9.0000        5.0000    88069   44.44%
  18416 10738        8.0000    10        9.0000        5.0000   106385   44.44%
  31513 22061        cutoff              9.0000        5.0000   171555   44.44%
Elapsed time = 2.79 sec. (3683.10 ticks, tree = 8.39 MB, solutions = 2)
  45491 31893        8.0000    13        9.0000        5.0000   236940   44.44%
  57594 42141        8.0000     4        9.0000        5.0000   304236   44.44%
  70626 53820        8.0000    20        9.0000        5.0000   382104   44.44%
* 78642 59466      integral     0        8.0000        5.0000   425536   37.50%
  81335 60078        8.0000     8        8.0000        5.0000   429948   37.50%
  92390 39534        7.0000    13        8.0000        5.0039   494091   37.45%
  97995 44863        7.0000    18        8.0000        5.3529   555522   33.09%
 101938 43946    infeasible              8.0000        6.0000   613478   25.00%

Performing restart 2

Repeating presolve.
Tried aggregator 1 time.
MIP Presolve eliminated 77 rows and 64 columns.
MIP Presolve modified 59 coefficients.
Reduced MIP has 558 rows, 215 columns, and 2814 nonzeros.
Reduced MIP has 208 binaries, 7 generals, 0 SOSs, and 0 indicators.
Presolve time = 0.00 sec. (3.44 ticks)
Tried aggregator 1 time.
MIP Presolve eliminated 17 rows and 5 columns.
MIP Presolve modified 68 coefficients.
Reduced MIP has 541 rows, 210 columns, and 2693 nonzeros.
Reduced MIP has 203 binaries, 7 generals, 0 SOSs, and 0 indicators.
Presolve time = 0.00 sec. (2.21 ticks)
Tried aggregator 1 time.
MIP Presolve eliminated 9 rows and 6 columns.
Reduced MIP has 532 rows, 204 columns, and 2630 nonzeros.
Reduced MIP has 197 binaries, 7 generals, 0 SOSs, and 0 indicators.
Presolve time = 0.00 sec. (1.88 ticks)
Tried aggregator 1 time.
Reduced MIP has 532 rows, 204 columns, and 2630 nonzeros.
Reduced MIP has 197 binaries, 7 generals, 0 SOSs, and 0 indicators.
Presolve time = 0.00 sec. (1.74 ticks)
Represolve time = 0.03 sec. (28.56 ticks)
 102797     0        5.0000    43        8.0000      Cuts: 34   638393   25.00%
 102797     0        5.0000    20        8.0000      Cuts: 58   638423   25.00%
 102797     0        5.0000    26        8.0000     Cuts: 100   638461   25.00%
 102797     0        5.0000    27        8.0000      Cuts: 10   638479   25.00%
 102797     0        5.0000    26        8.0000      Cuts: 11   638502   25.00%
 102797     0        5.0000    24        8.0000      Cuts: 69   638518   25.00%
 102797     0        5.0000    25        8.0000      Cuts: 16   638531   25.00%
 103739   548        6.0000    19        8.0000        6.0000   652324   25.00%
 107903  3408        7.0000    22        8.0000        6.0000   712501   25.00%
 112371  6432        7.0000     8        8.0000        6.0000   772377   25.00%
Elapsed time = 10.62 sec. (13221.35 ticks, tree = 2.05 MB, solutions = 3)
 117599  9591        7.0000    11        8.0000        6.0000   848950   25.00%
 123208 10820        7.0000    16        8.0000        6.0000   933029   25.00%
 128536 12356    infeasible              8.0000        6.0000  1021218   25.00%
 133823 14277        7.0000    16        8.0000        6.0000  1106717   25.00%
 139441 16258        7.0000    19        8.0000        6.0000  1193607   25.00%
 145108 17924    infeasible              8.0000        6.0000  1275925   25.00%
 150919 20009        6.0000    14        8.0000        6.0000  1346626   25.00%
FEASIBLE
tMAX... 
[3/229] Solving full-7-30-2.txt ... 
  nIP... Version identifier: 22.1.1.0 | 2022-11-28 | 9160aff4d
CPXPARAM_Threads                                 4
CPXPARAM_TimeLimit                               3600
Tried aggregator 1 time.
MIP Presolve eliminated 22 rows and 10 columns.
MIP Presolve modified 1113 coefficients.
Reduced MIP has 949 rows, 403 columns, and 3355 nonzeros.
Reduced MIP has 397 binaries, 6 generals, 0 SOSs, and 0 indicators.
Presolve time = 0.00 sec. (2.82 ticks)
Probing fixed 18 vars, tightened 0 bounds.
Probing time = 0.01 sec. (17.86 ticks)
Tried aggregator 1 time.
Detecting symmetries...
MIP Presolve eliminated 35 rows and 18 columns.
Reduced MIP has 914 rows, 385 columns, and 3229 nonzeros.
Reduced MIP has 379 binaries, 6 generals, 0 SOSs, and 0 indicators.
Presolve time = 0.00 sec. (2.49 ticks)
Probing time = 0.00 sec. (3.73 ticks)
Clique table members: 1971.
MIP emphasis: balance optimality and feasibility.
MIP search method: dynamic search.
Parallel mode: deterministic, using up to 4 threads.
Root relaxation solution time = 0.00 sec. (3.29 ticks)

        Nodes                                         Cuts/
   Node  Left     Objective  IInf  Best Integer    Best Bound    ItCnt     Gap

      0     0        7.0000    97                      7.0000      184         
      0     0        7.0000    43                    Cuts: 60      234         
      0     0        7.0000    40                    Cuts: 54      280         
      0     0        7.0000    42                    Cuts: 35      304         
      0     0        7.0000    45                    Cuts: 15      334         
Detecting symmetries...
      0     2        7.0000    43                      7.0000      334         
Elapsed time = 0.08 sec. (106.80 ticks, tree = 0.02 MB, solutions = 0)
 156635 22424        7.0000    12        8.0000        6.0000  1427139   25.00%
   2288   336        7.0000    38                      7.0000    12501         
   4396   520        7.0000    42                      7.0000    25806         

Performing restart 1

Repeating presolve.
Tried aggregator 1 time.
MIP Presolve eliminated 8 rows and 4 columns.
Reduced MIP has 906 rows, 381 columns, and 3201 nonzeros.
Reduced MIP has 375 binaries, 6 generals, 0 SOSs, and 0 indicators.
Presolve time = 0.00 sec. (1.72 ticks)
Tried aggregator 1 time.
Reduced MIP has 906 rows, 381 columns, and 3201 nonzeros.
Reduced MIP has 375 binaries, 6 generals, 0 SOSs, and 0 indicators.
Presolve time = 0.00 sec. (2.13 ticks)
Represolve time = 0.01 sec. (17.63 ticks)
   4974     0        7.0000    52                    Cuts: 58    30866         
   4974     0        7.0000    46                   Cuts: 163    30890         
   4974     0        7.0000    43                   Cuts: 158    30923         
   4974     0        7.0000    51                    Cuts: 88    30965         
   4974     0        7.0000    35                    Cuts: 32    31005         
   4974     0        7.0000    41                   Cuts: 211    31051         
   4974     0        7.0000    63                   Cuts: 204    31122         
   4974     0        7.0000    37                   Cuts: 115    31160         
   4974     0        7.0000    46                   Cuts: 182    31210         
 162080 24105        7.0000     9        8.0000        6.0000  1497359   25.00%
   4974     2        7.0000    33                      7.0000    31210         
   5566   144        7.0000    37                      7.0000    34944         
   7259   552        7.0000    34                      7.0000    44256         
   9156   916    infeasible                            7.0000    53710         
 167833 26168        7.0000    18        8.0000        6.0000  1590346   25.00%
Elapsed time = 18.70 sec. (22760.03 ticks, tree = 8.60 MB, solutions = 3)
  10913  1190        7.0000    32                      7.0000    59792         
  12819  1060        7.0000    37                      7.0000    65994         
  14271  1310    infeasible                            7.0000    73166         
 173507 28374        7.0000    10        8.0000        6.0000  1671310   25.00%

Performing restart 2

Repeating presolve.
Tried aggregator 1 time.
MIP Presolve eliminated 5 rows and 0 columns.
Reduced MIP has 901 rows, 381 columns, and 4361 nonzeros.
Reduced MIP has 375 binaries, 6 generals, 0 SOSs, and 0 indicators.
Presolve time = 0.00 sec. (2.48 ticks)
Tried aggregator 1 time.
Reduced MIP has 901 rows, 381 columns, and 4361 nonzeros.
Reduced MIP has 375 binaries, 6 generals, 0 SOSs, and 0 indicators.
Presolve time = 0.00 sec. (2.83 ticks)
Represolve time = 0.02 sec. (21.64 ticks)
  18881     0        7.0000    43                    Cuts: 66    93764         
  18881     0        7.0000    47                   Cuts: 161    93820         
  18881     0        7.0000    49                    Cuts: 32    93855         
  18881     0        7.0000    44                    Cuts: 13    93886         
  18881     0        7.0000    45                   Cuts: 183    93939         
  18881     0        7.0000    41                   Cuts: 113    93970         
  18881     0        7.0000    46                    Cuts: 19    94009         
  18881     0        7.0000    53                    Cuts: 61    94066         
  18901     3        7.0000    62                      7.0000    94222         
Elapsed time = 2.75 sec. (3346.71 ticks, tree = 0.02 MB, solutions = 0)
 178787 30236    infeasible              8.0000        6.0000  1746475   25.00%
  19340    32    infeasible                            7.0000   112546         
 184239 32180    infeasible              8.0000        6.0000  1825753   25.00%
  20084    54    infeasible                            7.0000   139322         
 189972 33977        7.0000     8        8.0000        6.0000  1896073   25.00%
  20898   101    infeasible                            7.0000   168364         
 195278 35941        7.0000    16        8.0000        6.0000  1972731   25.00%
  21987   132        7.0000    27                      7.0000   206653         
* 22213   105      integral     0        7.0000        7.0000   212727    0.00%

Cover cuts applied:  3
Gomory fractional cuts applied:  1

Root node processing (before b&c):
  Real time             =    0.08 sec. (106.48 ticks)
Parallel b&c, 4 threads:
  Real time             =    5.54 sec. (7260.37 ticks)
  Sync time (average)   =    1.24 sec.
  Wait time (average)   =    0.00 sec.
                          ------------
Total (root+branch&cut) =    5.62 sec. (7366.85 ticks)
nFEAS... [BinarySearch] Testing t = 7 in range [7, 7] ...  200892 38285        7.0000    17        8.0000        6.0000  2059784   25.00%
 206474 40520        6.0000    16        8.0000        6.0000  2148259   25.00%
 211863 42713    infeasible              8.0000        6.0000  2233047   25.00%
 217285 44305        7.0000    10        8.0000        6.0000  2290490   25.00%
 222608 46638    infeasible              8.0000        6.0000  2386452   25.00%
Elapsed time = 25.44 sec. (32298.09 ticks, tree = 15.77 MB, solutions = 3)
 228274 48742        7.0000    17        8.0000        6.0000  2462944   25.00%
 233643 50661        7.0000    20        8.0000        6.0000  2532804   25.00%
 238956 52813        6.0000    23        8.0000        6.0000  2603680   25.00%
 244639 55539        7.0000    10        8.0000        6.0000  2696945   25.00%
 250237 57519    infeasible              8.0000        6.0000  2772510   25.00%
 255040 59439        7.0000    18        8.0000        6.0000  2831508   25.00%
 260307 61025        7.0000    14        8.0000        6.0000  2909459   25.00%
 265939 61643    infeasible              8.0000        6.6164  3008683   17.29%
 273510 59113    infeasible              8.0000        7.0000  3075900   12.50%
 280796 56006        7.0000     8        8.0000        7.0000  3164264   12.50%
Elapsed time = 31.89 sec. (41836.73 ticks, tree = 18.44 MB, solutions = 3)
 287629 53277    infeasible              8.0000        7.0000  3247050   12.50%
FEASIBLE
nMAX... 
  IP... Version identifier: 22.1.1.0 | 2022-11-28 | 9160aff4d
CPXPARAM_Threads                                 4
CPXPARAM_TimeLimit                               3600
Tried aggregator 1 time.
MIP Presolve eliminated 169 rows and 80 columns.
MIP Presolve modified 11864 coefficients.
Reduced MIP has 9097 rows, 4353 columns, and 38536 nonzeros.
Reduced MIP has 4332 binaries, 21 generals, 0 SOSs, and 0 indicators.
Presolve time = 0.01 sec. (28.90 ticks)
Probing time = 0.02 sec. (15.76 ticks)
Tried aggregator 1 time.
Detecting symmetries...
Reduced MIP has 9097 rows, 4353 columns, and 38536 nonzeros.
Reduced MIP has 4332 binaries, 21 generals, 0 SOSs, and 0 indicators.
Presolve time = 0.01 sec. (22.95 ticks)
Probing time = 0.02 sec. (13.74 ticks)
Clique table members: 19630.
MIP emphasis: balance optimality and feasibility.
MIP search method: dynamic search.
Parallel mode: deterministic, using up to 4 threads.
Root relaxation solution time = 0.04 sec. (40.83 ticks)

        Nodes                                         Cuts/
   Node  Left     Objective  IInf  Best Integer    Best Bound    ItCnt     Gap

      0     0        7.0000   106                      7.0000      524         
      0     0        7.0000    49                    Cuts: 41      605         
      0     0        7.0000    48                    Cuts: 57      631         
      0     0        7.0000    44                    Cuts: 12      650         
      0     0        7.0000    45                    Cuts: 39      718         
 294235 51187        7.0000     8        8.0000        7.0000  3325792   12.50%
*     0+    0                           22.0000        7.0000            68.18%
 300968 48148        7.0000    11        8.0000        7.0000  3431293   12.50%
Detecting symmetries...
      0     2        7.0000    33       22.0000        7.0000      718   68.18%
Elapsed time = 1.23 sec. (2343.43 ticks, tree = 0.02 MB, solutions = 1)
     56    30       10.5185    56       22.0000        7.0000     2565   68.18%
*    98+   41                           16.0000        7.0000            56.25%
    149    67        7.1111    33       16.0000        7.0000     4319   56.25%
    244   169        9.0000    64       16.0000        7.0000     7615   56.25%
    435   310       10.0000    26       16.0000        7.0000    11565   56.25%
 307686 46030        7.0000    16        8.0000        7.0000  3508490   12.50%
    661   512        9.0000    32       16.0000        7.0000    14184   56.25%
    960   770        9.0000    28       16.0000        7.0000    16690   56.25%
   1037   906        7.0767    44       16.0000        7.0000    19796   56.25%
   1290  1116       14.0000    26       16.0000        7.0000    22660   56.25%
 314554 43482        7.0000    17        8.0000        7.0000  3592139   12.50%
   1500  1286       11.0000    16       16.0000        7.0000    26769   56.25%

Performing restart 1

Repeating presolve.
Tried aggregator 1 time.
MIP Presolve eliminated 4840 rows and 2362 columns.
Reduced MIP has 4257 rows, 1991 columns, and 17423 nonzeros.
Reduced MIP has 1977 binaries, 14 generals, 0 SOSs, and 0 indicators.
Presolve time = 0.01 sec. (12.85 ticks)
 321247 41150    infeasible              8.0000        7.0000  3681208   12.50%
Tried aggregator 1 time.
MIP Presolve eliminated 194 rows and 97 columns.
Reduced MIP has 4063 rows, 1894 columns, and 16576 nonzeros.
Reduced MIP has 1880 binaries, 14 generals, 0 SOSs, and 0 indicators.
Presolve time = 0.01 sec. (16.53 ticks)
Tried aggregator 1 time.
Reduced MIP has 4063 rows, 1894 columns, and 16576 nonzeros.
Reduced MIP has 1880 binaries, 14 generals, 0 SOSs, and 0 indicators.
Presolve time = 0.01 sec. (10.33 ticks)
Represolve time = 0.43 sec. (666.85 ticks)
   1849     0        7.0000    57       16.0000      Cuts: 24    30464   56.25%
   1849     0        7.0000    56       16.0000     Cuts: 180    30513   56.25%
 327853 38787        7.0000    12        8.0000        7.0000  3789778   12.50%
   1849     0        7.0000    38       16.0000      Cuts: 42    30550   56.25%
   1849     0        7.0000    54       16.0000      Cuts: 66    30599   56.25%
   1849     0        7.0000    52       16.0000      Cuts: 73    30629   56.25%
*  1849+    0                           15.0000        7.0000            53.33%
   1849     0        7.0000    37       15.0000       Cuts: 2    30654   53.33%
 333987 37271        7.0000     6        8.0000        7.0000  3872871   12.50%
   1849     0        7.0000    55       15.0000     Cuts: 338    30716   53.33%
*  1849+    0                           14.0000        7.0000            50.00%
   1849     2        7.0000    55       14.0000        7.0000    30716   50.00%
Elapsed time = 4.42 sec. (7103.41 ticks, tree = 0.02 MB, solutions = 4)
 340454 35783        7.0000     9        8.0000        7.0000  3949217   12.50%
   2192   160        9.0340    40       14.0000        7.0000    33313   50.00%
 346736 34162        7.0000    11        8.0000        7.0000  4042208   12.50%
Elapsed time = 38.29 sec. (51374.67 ticks, tree = 12.24 MB, solutions = 3)
   2744   446        8.0000    28       14.0000        7.0000    36659   50.00%
*  3138   814      integral     0       13.0000        7.0000    39636   46.15%
 353321 32478        7.0000    17        8.0000        7.0000  4128390   12.50%
   4044  1632       11.0000    21       13.0000        7.0000    47311   46.15%
 359600 30794    infeasible              8.0000        7.0000  4231021   12.50%
   5701  2667       11.0000    28       13.0000        7.0000    56326   46.15%
   7450  4277       10.0000    30       13.0000        7.0000    70262   46.15%
 366161 29294    infeasible              8.0000        7.0000  4315656   12.50%
   8970  5626       12.0000     9       13.0000        7.0000    80152   46.15%
 372452 27619    infeasible              8.0000        7.0000  4401224   12.50%
  10747  6828        8.0000    33       13.0000        7.0000    88698   46.15%
 378886 26173    infeasible              8.0000        7.0000  4486205   12.50%
  13294  8642        9.0000    26       13.0000        7.0000    97262   46.15%
 385400 24045    infeasible              8.0000        7.0000  4597994   12.50%
  16030 10378    infeasible             13.0000        7.0000   105259   46.15%
  17581 11809        8.0000    44       13.0000        7.0000   112038   46.15%
Elapsed time = 10.86 sec. (16801.13 ticks, tree = 16.69 MB, solutions = 5)
 391879 22706        7.0000    19        8.0000        7.0000  4670138   12.50%
  19942 13510       11.0000    24       13.0000        7.0000   119632   46.15%
  21778 14808        8.0000    28       13.0000        7.0000   128443   46.15%
 398383 21329    infeasible              8.0000        7.0000  4755160   12.50%
  23649 16955       11.0000    29       13.0000        7.0000   142084   46.15%
* 25301+17751                           12.0000        7.0000            41.67%
* 25502+18079                           11.0000        7.0000            36.36%
  25728 18639    infeasible             11.0000        7.0000   149973   36.36%
 404868 19912    infeasible              8.0000        7.0000  4831573   12.50%
  26468 19167        8.3333    41       11.0000        7.0000   153599   36.36%
  27450 19945       10.0000    38       11.0000        7.0000   157710   36.36%
 411201 18290        7.0000    10        8.0000        7.0000  4920970   12.50%
Elapsed time = 46.79 sec. (60912.43 ticks, tree = 7.72 MB, solutions = 3)
  28186 20592        9.0000    28       11.0000        7.0000   162133   36.36%
  29155 21641        8.0171    45       11.0000        7.0000   167371   36.36%
 417698 16525    infeasible              8.0000        7.0000  5023751   12.50%
  30428 22444        7.0000    30       11.0000        7.0000   170712   36.36%
 424018 15070    infeasible              8.0000        7.0000  5102791   12.50%
  31876 14218        8.0140    33       11.0000        7.0000   174521   36.36%
Elapsed time = 16.05 sec. (26438.96 ticks, tree = 20.53 MB, solutions = 7)
 430626 13753        7.0000     8        8.0000        7.0000  5183205   12.50%
* 32399+15204                           10.0000        7.0000            30.00%
 436972 12162        7.0000    16        8.0000        7.0000  5287161   12.50%
  32763 15202        8.0000    38       10.0000        7.0000   180393   30.00%

Performing restart 2

Repeating presolve.
Tried aggregator 1 time.
MIP Presolve eliminated 2213 rows and 1208 columns.
Reduced MIP has 1850 rows, 686 columns, and 7584 nonzeros.
Reduced MIP has 672 binaries, 14 generals, 0 SOSs, and 0 indicators.
Presolve time = 0.01 sec. (6.15 ticks)
Tried aggregator 1 time.
MIP Presolve eliminated 44 rows and 15 columns.
MIP Presolve modified 11 coefficients.
Reduced MIP has 1806 rows, 671 columns, and 7402 nonzeros.
Reduced MIP has 657 binaries, 14 generals, 0 SOSs, and 0 indicators.
Presolve time = 0.00 sec. (4.98 ticks)
Tried aggregator 1 time.
MIP Presolve eliminated 8 rows and 0 columns.
MIP Presolve modified 21 coefficients.
Reduced MIP has 1798 rows, 671 columns, and 7383 nonzeros.
Reduced MIP has 657 binaries, 14 generals, 0 SOSs, and 0 indicators.
Presolve time = 0.00 sec. (5.71 ticks)
Represolve time = 0.07 sec. (131.21 ticks)
  33780     0        7.0000    45       10.0000      Cuts: 34   185767   30.00%
 443477 10928        7.0000    12        8.0000        7.0000  5362054   12.50%
  33780     0        7.0000    49       10.0000     Cuts: 220   185816   30.00%
  33780     0        7.0000    39       10.0000      Cuts: 18   185850   30.00%
  33780     0        7.0000    60       10.0000     Cuts: 200   185911   30.00%
  33780     0        7.0000    44       10.0000      Cuts: 25   185932   30.00%
  33780     0        7.0000    50       10.0000     Cuts: 123   185988   30.00%
  33780     0        7.0000    56       10.0000     Cuts: 211   186044   30.00%
  33780     0        7.0000    49       10.0000     Cuts: 121   186084   30.00%
  33780     0        7.0000    52       10.0000      Cuts: 72   186119   30.00%
  33780     2        7.0000    31       10.0000        7.0000   186119   30.00%
 449876  9348        7.0000    14        8.0000        7.0000  5469356   12.50%
  34039   106        7.0000    31       10.0000        7.0000   190351   30.00%
 456109  8496    infeasible              8.0000        7.0000  5530856   12.50%
 462783  7238        7.0000     6        8.0000        7.0000  5612085   12.50%
  34779   558        8.0000    31       10.0000        7.0000   202630   30.00%
 469009  6003    infeasible              8.0000        7.0000  5709960   12.50%
 475307  4956    infeasible              8.0000        7.0000  5787282   12.50%
Elapsed time = 53.86 sec. (70451.33 ticks, tree = 3.89 MB, solutions = 3)
  35791  1202        9.0000    33       10.0000        7.0000   218097   30.00%
 481484  3997        7.0000    21        8.0000        7.0000  5869828   12.50%
  36637  1724        9.0000    22       10.0000        7.0000   234159   30.00%
 486637  2789    infeasible              8.0000        7.0000  5970307   12.50%
  37789  2567        8.0000    21       10.0000        7.0000   253508   30.00%
 491291  2237        7.0000    20        8.0000        7.0000  6015015   12.50%
  38571  3028        9.0000    26       10.0000        7.0000   269842   30.00%
 495625  1477        7.0000    11        8.0000        7.0000  6085819   12.50%
  39483  3729        9.0000    35       10.0000        7.0000   287598   30.00%
 501524   713        7.0000    12        8.0000        7.0000  6162556   12.50%

GUB cover cuts applied:  6
Clique cuts applied:  11
Cover cuts applied:  122
Implied bound cuts applied:  5
Flow cuts applied:  9
Mixed integer rounding cuts applied:  12
Zero-half cuts applied:  8
Lift and project cuts applied:  1
Gomory fractional cuts applied:  12

Root node processing (before b&c):
  Real time             =    0.27 sec. (426.71 ticks)
Parallel b&c, 4 threads:
  Real time             =   57.80 sec. (75294.96 ticks)
  Sync time (average)   =   10.20 sec.
  Wait time (average)   =    0.00 sec.
                          ------------
Total (root+branch&cut) =   58.07 sec. (75721.67 ticks)
FEAS... [BinarySearch] Testing t = 8 in range [5, 11] ...   40324  4408        8.0000    27       10.0000        7.0000   303312   30.00%
Elapsed time = 25.53 sec. (37165.30 ticks, tree = 2.89 MB, solutions = 9)
  41102  4841        9.0000    32       10.0000        7.0000   316991   30.00%
FEASIBLE
[BinarySearch] Testing t = 6 in range [5, 7] ...   41836  5402        8.0000    26       10.0000        7.0000   330523   30.00%
  42677  6131        8.0000    54       10.0000        7.0000   343256   30.00%
  43446  6526        7.0000    30       10.0000        7.0000   351133   30.00%
INFEASIBLE
[BinarySearch] Testing t = 7 in range [7, 7] ...   44187  7214        9.0000    32       10.0000        7.0000   362665   30.00%
  45248  7853        8.0000    28       10.0000        7.0000   373725   30.00%
  46330  8650        8.0000    26       10.0000        7.0000   393353   30.00%
  47173  9211        9.0000    28       10.0000        7.0000   405997   30.00%
  48224  9829        8.0000    26       10.0000        7.0000   422581   30.00%
  49194 10462        8.0000    33       10.0000        7.0000   442220   30.00%
Elapsed time = 31.18 sec. (46709.92 ticks, tree = 6.75 MB, solutions = 9)
  50525 11154        8.0000    35       10.0000        7.0000   463418   30.00%
  51272 11861        8.0000    30       10.0000        7.0000   478977   30.00%
  52149 12396        8.0000    31       10.0000        7.0000   489346   30.00%
  52946 12893        9.0000    23       10.0000        7.0000   496570   30.00%
  53583 13474        8.0000    24       10.0000        7.0000   505015   30.00%
  54259 14002        7.0000    28       10.0000        7.0000   515981   30.00%
  54883 14340    infeasible             10.0000        7.0000   523768   30.00%
  55469 14812        8.0000    27       10.0000        7.0000   538802   30.00%
  56221 15182        8.0000    30       10.0000        7.0000   548836   30.00%
  56778 15724        7.0278    38       10.0000        7.0000   566984   30.00%
Elapsed time = 38.78 sec. (56259.39 ticks, tree = 9.83 MB, solutions = 9)
  57442 16054        8.0000    41       10.0000        7.0000   575582   30.00%
  58097 16406        7.0000    34       10.0000        7.0000   587382   30.00%
  58873 16888        8.0000    33       10.0000        7.0000   602655   30.00%
  59709 17491        8.0000    36       10.0000        7.0000   620374   30.00%
  60300 17990        8.0000    26       10.0000        7.0000   631588   30.00%
  60775 18340        8.0000    28       10.0000        7.0000   639973   30.00%
  61278 18593        9.0000    26       10.0000        7.0000   649601   30.00%
  61907 18891        8.0000    37       10.0000        7.0000   658728   30.00%
  62515 19388        8.0000    43       10.0000        7.0000   674158   30.00%
  63219 19746        9.0000    28       10.0000        7.0000   682181   30.00%
Elapsed time = 45.69 sec. (65809.24 ticks, tree = 12.88 MB, solutions = 9)
  63819 20327        8.0000    37       10.0000        7.0000   698415   30.00%
  64620 20651        8.0000    33       10.0000        7.0000   710517   30.00%
  65387 21203        9.0000    20       10.0000        7.0000   730830   30.00%
  66303 21607        8.0000    26       10.0000        7.0000   740699   30.00%
  67247 22292        8.0000    28       10.0000        7.0000   763029   30.00%
  67907 22725        8.0000    29       10.0000        7.0000   773898   30.00%
  68541 23133        9.0000    36       10.0000        7.0000   782492   30.00%
  69355 23553        7.0000    49       10.0000        7.0000   793117   30.00%
  69903 24178    infeasible             10.0000        7.0000   806911   30.00%
  70458 24676        8.0000    28       10.0000        7.0000   818599   30.00%
Elapsed time = 51.02 sec. (75356.37 ticks, tree = 15.82 MB, solutions = 9)
  71139 25161        8.0000    37       10.0000        7.0000   825440   30.00%
  71789 25770        9.0000    22       10.0000        7.0000   836834   30.00%
  72407 26208        8.0000    32       10.0000        7.0000   844965   30.00%
  73154 26737        9.0000    30       10.0000        7.0000   853394   30.00%
  73738 27231        8.0000    41       10.0000        7.0000   859740   30.00%
  74456 27541        9.0000    46       10.0000        7.0000   863609   30.00%
  75085 28207        8.0000    34       10.0000        7.0000   874477   30.00%
  75698 28852        9.0000    28       10.0000        7.0000   883357   30.00%
  76268 29269        8.2727    30       10.0000        7.0000   891124   30.00%
  76927 29753        8.0000    38       10.0000        7.0000   898659   30.00%
Elapsed time = 57.90 sec. (84904.61 ticks, tree = 18.77 MB, solutions = 9)
  77520 30150        7.0000    30       10.0000        7.0000   904163   30.00%
INFEASIBLE
MAX... 
  tIP... Version identifier: 22.1.1.0 | 2022-11-28 | 9160aff4d
CPXPARAM_Threads                                 4
CPXPARAM_TimeLimit                               3600
Tried aggregator 1 time.
MIP Presolve eliminated 24 rows and 11 columns.
MIP Presolve modified 1150 coefficients.
Reduced MIP has 1012 rows, 459 columns, and 3902 nonzeros.
Reduced MIP has 450 binaries, 9 generals, 0 SOSs, and 0 indicators.
Presolve time = 0.00 sec. (3.42 ticks)
Probing fixed 14 vars, tightened 0 bounds.
Probing time = 0.02 sec. (47.99 ticks)
Tried aggregator 1 time.
Detecting symmetries...
MIP Presolve eliminated 28 rows and 14 columns.
Reduced MIP has 984 rows, 445 columns, and 3792 nonzeros.
Reduced MIP has 436 binaries, 9 generals, 0 SOSs, and 0 indicators.
Presolve time = 0.00 sec. (3.46 ticks)
Probing time = 0.00 sec. (3.85 ticks)
Clique table members: 2231.
MIP emphasis: balance optimality and feasibility.
MIP search method: dynamic search.
Parallel mode: deterministic, using up to 4 threads.
Root relaxation solution time = 0.01 sec. (2.89 ticks)

        Nodes                                         Cuts/
   Node  Left     Objective  IInf  Best Integer    Best Bound    ItCnt     Gap

      0     0        6.0000    60                      6.0000      138         
      0     0        6.0000    22                  Cliques: 1      146         
      0     0        6.0000    21                    Cuts: 27      166         
      0     0        6.0000    23                    Cuts: 20      187         
*     0+    0                           10.0000        6.0000            40.00%
  78038 30710        8.0000    26       10.0000        7.0000   916185   30.00%
Detecting symmetries...
      0     2        6.0000    13       10.0000        6.0000      187   40.00%
Elapsed time = 0.16 sec. (205.52 ticks, tree = 0.02 MB, solutions = 1)
*  1234   859      integral     0        9.0000        6.0000     5874   33.33%
   1864   667        8.0000    12        9.0000        6.0000     8811   33.33%

Performing restart 1

Repeating presolve.
Tried aggregator 1 time.
MIP Presolve eliminated 334 rows and 159 columns.
Reduced MIP has 650 rows, 286 columns, and 2389 nonzeros.
Reduced MIP has 279 binaries, 7 generals, 0 SOSs, and 0 indicators.
Presolve time = 0.00 sec. (1.58 ticks)
Tried aggregator 1 time.
MIP Presolve eliminated 16 rows and 8 columns.
Reduced MIP has 634 rows, 278 columns, and 2333 nonzeros.
Reduced MIP has 271 binaries, 7 generals, 0 SOSs, and 0 indicators.
Presolve time = 0.00 sec. (1.34 ticks)
Tried aggregator 1 time.
Reduced MIP has 634 rows, 278 columns, and 2333 nonzeros.
Reduced MIP has 271 binaries, 7 generals, 0 SOSs, and 0 indicators.
Presolve time = 0.00 sec. (1.63 ticks)
Represolve time = 0.01 sec. (20.11 ticks)
   2743     0        6.0000    28        9.0000      Cuts: 48    14298   33.33%
   2743     0        6.0000    23        9.0000      Cuts: 44    14343   33.33%
   2743     0        6.0000    23        9.0000      Cuts: 64    14380   33.33%
   2743     0        6.0000    31        9.0000      Cuts: 33    14409   33.33%
   2870    49    infeasible              9.0000        6.0000    15102   33.33%
  78609 31064        8.0000    30       10.0000        7.0000   922101   30.00%
   3620   398        6.0000    20        9.0000        6.0000    18966   33.33%
*  4073+  572                            8.0000        6.0000            25.00%
   4975   800        7.0000     8        8.0000        6.0000    26168   25.00%
   8085  2036        7.0000    14        8.0000        6.0000    38819   25.00%
  79214 31405        8.0000    36       10.0000        7.0000   929348   30.00%
  10976  3370        7.0000    12        8.0000        6.0000    54841   25.00%
  13931  4786    infeasible              8.0000        6.0000    68973   25.00%
  16150  6020        7.0000    19        8.0000        6.0000    85011   25.00%
  18357  7371        7.0000     9        8.0000        6.0000   102872   25.00%
  79778 31852        8.0000    29       10.0000        7.0000   937249   30.00%
  80273 32206        8.0000    30       10.0000        7.0000   945806   30.00%
  28871 12266    infeasible              8.0000        6.0000   174680   25.00%
Elapsed time = 3.04 sec. (3307.83 ticks, tree = 4.46 MB, solutions = 3)

Performing restart 2

Repeating presolve.
Tried aggregator 1 time.
MIP Presolve eliminated 90 rows and 66 columns.
MIP Presolve modified 50 coefficients.
Reduced MIP has 544 rows, 212 columns, and 2739 nonzeros.
Reduced MIP has 205 binaries, 7 generals, 0 SOSs, and 0 indicators.
Presolve time = 0.00 sec. (3.38 ticks)
Tried aggregator 1 time.
MIP Presolve eliminated 13 rows and 7 columns.
MIP Presolve modified 26 coefficients.
Reduced MIP has 531 rows, 205 columns, and 2595 nonzeros.
Reduced MIP has 198 binaries, 7 generals, 0 SOSs, and 0 indicators.
Presolve time = 0.00 sec. (2.52 ticks)
Tried aggregator 1 time.
MIP Presolve eliminated 0 rows and 2 columns.
Reduced MIP has 531 rows, 203 columns, and 2585 nonzeros.
Reduced MIP has 196 binaries, 7 generals, 0 SOSs, and 0 indicators.
Presolve time = 0.00 sec. (1.73 ticks)
Represolve time = 0.02 sec. (19.68 ticks)
  28936     0        6.0000    28        8.0000      Cuts: 43   178828   25.00%
  28936     0        6.0000    20        8.0000      Cuts: 54   178855   25.00%
  28936     0        6.0000    22        8.0000      Cuts: 44   178877   25.00%
  28936     0        6.0000    27        8.0000      Cuts: 32   178896   25.00%
  28936     0        6.0000    33        8.0000      Cuts: 22   178930   25.00%
  28936     0        6.0000    18        8.0000      Cuts: 22   178945   25.00%
  28936     0        6.0000    16        8.0000      Cuts: 72   178993   25.00%
  28936     0        6.0000    23        8.0000      Cuts: 23   179015   25.00%
  28936     0        6.0000    25        8.0000      Cuts: 67   179048   25.00%
  80904 32848        8.0000    30       10.0000        7.0000   960264   30.00%
  30795   780        7.0000    10        8.0000        6.0000   204101   25.00%
  81566 33115        8.0000    30       10.0000        7.0000   965049   30.00%
  82229 33872        7.0000    28       10.0000        7.0000   974919   30.00%
  35331  2522        7.0000    17        8.0000        6.0000   261997   25.00%
  40039  4184        7.0000     8        8.0000        6.0000   320932   25.00%
  84588 35415        8.0000    32       10.0000        7.0000  1002647   30.00%
Elapsed time = 66.24 sec. (97326.02 ticks, tree = 23.45 MB, solutions = 9)
  44736  5962        7.0000    14        8.0000        6.0000   386870   25.00%
  49455  7533        7.0000    16        8.0000        6.0000   449024   25.00%
  86883 37462        8.0000    27       10.0000        7.0000  1037831   30.00%
  54112  8872        6.0000     8        8.0000        6.0000   519830   25.00%
  58664 10802        6.0000    13        8.0000        6.0000   589906   25.00%
  90018 39824        8.0000    39       10.0000        7.0000  1076622   30.00%
  62676 12385        7.0000     8        8.0000        6.0000   645863   25.00%
  67299 14097        7.0000    15        8.0000        6.0000   724074   25.00%
  72703 16068    infeasible              8.0000        6.0000   785172   25.00%
Elapsed time = 13.31 sec. (12847.96 ticks, tree = 4.89 MB, solutions = 3)
  92623 41679        9.0000    36       10.0000        7.0000  1111923   30.00%
  78610 18560        6.0000    16        8.0000        6.0000   872903   25.00%
  83748 20840        7.0000    10        8.0000        6.0000   962155   25.00%
  95571 44091        7.0000    41       10.0000        7.0000  1149291   30.00%
  88997 22848        6.0687    25        8.0000        6.0000  1026527   25.00%
  98146 46191        9.0000    14       10.0000        7.0000  1187597   30.00%
  94354 25191        6.0000    13        8.0000        6.0000  1098037   25.00%
  99788 27352        7.0000    15        8.0000        6.0000  1175713   25.00%
 105393 29863        7.0000    18        8.0000        6.0000  1237762   25.00%
 100654 48000        9.0000    29       10.0000        7.0000  1218357   30.00%
 110794 31922        7.0000    15        8.0000        6.0000  1310605   25.00%
 116172 33726        7.0000    11        8.0000        6.0000  1372429   25.00%
 121258 36027        7.0000     8        8.0000        6.0000  1438331   25.00%
 103326 50159        8.0041    39       10.0000        7.0000  1262661   30.00%
 126399 38212    infeasible              8.0000        6.0000  1509011   25.00%
Elapsed time = 23.23 sec. (22386.23 ticks, tree = 13.00 MB, solutions = 3)
 131579 40071    infeasible              8.0000        6.0000  1574280   25.00%
 137208 42790        7.0000    19        8.0000        6.0000  1645881   25.00%
 142775 45422        7.0000    10        8.0000        6.0000  1727921   25.00%
 148939 47636        7.0000    10        8.0000        6.0000  1808746   25.00%
 106295 52222        9.0000    26       10.0000        7.0000  1295029   30.00%
 154226 49242    infeasible              8.0000        6.0000  1883287   25.00%
 159588 50167        7.0000    11        8.0000        6.5000  1969333   18.75%
 165628 48851        7.0000     8        8.0000        7.0000  2022517   12.50%
 171536 47214        7.0000    13        8.0000        7.0000  2084159   12.50%
 177478 45344        7.0000    14        8.0000        7.0000  2159133   12.50%
 183639 43386        7.0000     8        8.0000        7.0000  2236448   12.50%
Elapsed time = 29.47 sec. (31924.19 ticks, tree = 14.47 MB, solutions = 3)
 109090 54620        8.0000    25       10.0000        7.0000  1332389   30.00%
 189589 41476    infeasible              8.0000        7.0000  2320940   12.50%
 196035 39879        7.0000     8        8.0000        7.0000  2386978   12.50%
 201799 38075        7.0000    13        8.0000        7.0000  2463868   12.50%
 207648 36384        7.0000    21        8.0000        7.0000  2551493   12.50%
 213429 35026    infeasible              8.0000        7.0000  2628172   12.50%
*111612 56689      integral     0        9.0000        7.0000  1378055   22.22%
 111720 33419        8.0000    29        9.0000        7.0000  1378825   22.22%
Elapsed time = 93.17 sec. (135484.20 ticks, tree = 22.11 MB, solutions = 10)
 219064 33305        7.0000    17        8.0000        7.0000  2718942   12.50%
 224945 31981        cutoff              8.0000        7.0000  2787985   12.50%
 230987 30355        7.0000     8        8.0000        7.0000  2874776   12.50%
 113861 34371        8.0000    38        9.0000        7.0000  1430350   22.22%
 236759 28747        7.0000    11        8.0000        7.0000  2956353   12.50%
 242473 27354        7.0000    10        8.0000        7.0000  3056276   12.50%
Elapsed time = 37.40 sec. (41463.53 ticks, tree = 10.10 MB, solutions = 3)
 248115 26064    infeasible              8.0000        7.0000  3137605   12.50%
 253772 24846        7.0000    12        8.0000        7.0000  3214989   12.50%
 116606 35802        8.0000    18        9.0000        7.0000  1490199   22.22%
 259484 23564        7.0000     8        8.0000        7.0000  3291352   12.50%
 265300 22099    infeasible              8.0000        7.0000  3391171   12.50%
 271107 20974        7.0000    17        8.0000        7.0000  3458055   12.50%
 276498 20103    infeasible              8.0000        7.0000  3531124   12.50%
 118833 36780        7.0000    40        9.0000        7.0000  1545187   22.22%
 282222 18915        7.0000    15        8.0000        7.0000  3617800   12.50%
 288083 17947    infeasible              8.0000        7.0000  3694653   12.50%
 293865 16719    infeasible              8.0000        7.0000  3781018   12.50%
 299479 15744    infeasible              8.0000        7.0000  3855796   12.50%
Elapsed time = 45.27 sec. (51002.05 ticks, tree = 6.89 MB, solutions = 3)
 305190 14607        7.0000    16        8.0000        7.0000  3952069   12.50%
 121078 37952        7.0000    28        9.0000        7.0000  1595534   22.22%
 310751 13589    infeasible              8.0000        7.0000  4032515   12.50%
 316234 12653    infeasible              8.0000        7.0000  4101038   12.50%
 321880 11511        7.0000    18        8.0000        7.0000  4178670   12.50%
 327731 10294        7.0000    10        8.0000        7.0000  4257656   12.50%
 333452  9308        7.0000     8        8.0000        7.0000  4330127   12.50%
 339257  7906        7.0000     8        8.0000        7.0000  4429229   12.50%
 344849  6874    infeasible              8.0000        7.0000  4499063   12.50%
 123242 39099        8.0000    35        9.0000        7.0000  1647304   22.22%
 350340  5969        7.0000    12        8.0000        7.0000  4574008   12.50%
 355710  5008        7.0000    15        8.0000        7.0000  4658492   12.50%
Elapsed time = 52.02 sec. (60541.66 ticks, tree = 3.89 MB, solutions = 3)
 359710  4316    infeasible              8.0000        7.0000  4718315   12.50%
 364691  3737    infeasible              8.0000        7.0000  4762694   12.50%
 370226  2894        7.0000    10        8.0000        7.0000  4850163   12.50%
 375722  2264        7.0000    12        8.0000        7.0000  4917131   12.50%
 125686 40058        8.0000    28        9.0000        7.0000  1709454   22.22%
 381051  1682    infeasible              8.0000        7.0000  5004006   12.50%
 386316  1210        7.0000    26        8.0000        7.0000  5070539   12.50%
 391208   740        7.0000    14        8.0000        7.0000  5136740   12.50%

GUB cover cuts applied:  11
Clique cuts applied:  6
Cover cuts applied:  87
Implied bound cuts applied:  15
Flow cuts applied:  11
Mixed integer rounding cuts applied:  23
Zero-half cuts applied:  5
Gomory fractional cuts applied:  5

Root node processing (before b&c):
  Real time             =    0.16 sec. (205.19 ticks)
Parallel b&c, 4 threads:
  Real time             =   56.51 sec. (67757.02 ticks)
  Sync time (average)   =   11.36 sec.
  Wait time (average)   =    0.00 sec.
                          ------------
Total (root+branch&cut) =   56.66 sec. (67962.21 ticks)
tFEAS... [BinarySearch] Testing t = 8 in range [6, 10] ... FEASIBLE
[BinarySearch] Testing t = 6 in range [6, 7] ...  127893 41041    infeasible              9.0000        7.0000  1783128   22.22%
INFEASIBLE
[BinarySearch] Testing t = 7 in range [7, 7] ...  129987 41574        8.0000    28        9.0000        7.0000  1847062   22.22%
 133091 42378        7.0000    30        9.0000        7.0000  1921768   22.22%
 135801 43057        8.0000    29        9.0000        7.0000  2002625   22.22%
Elapsed time = 125.64 sec. (173647.52 ticks, tree = 27.80 MB, solutions = 10)
*136307 43234      integral     0        8.0000        7.0000  2030400   12.50%
 139155   898        7.0000    35        8.0000        7.0000  2091404   12.50%
 143093   722        7.0000    33        8.0000        7.0000  2190186   12.50%
 145840   858        7.0000    36        8.0000        7.0000  2260117   12.50%
 148654   833    infeasible              8.0000        7.0000  2331831   12.50%
 151380   723    infeasible              8.0000        7.0000  2425325   12.50%
 154104   656        7.0000    34        8.0000        7.0000  2503117   12.50%
 156652   609    infeasible              8.0000        7.0000  2576187   12.50%
 159445   367    infeasible              8.0000        7.0000  2667933   12.50%
*159593   322      integral     0        7.0000        7.0000  2669196    0.00%

GUB cover cuts applied:  5
Clique cuts applied:  29
Cover cuts applied:  49
Implied bound cuts applied:  2
Flow cuts applied:  12
Mixed integer rounding cuts applied:  6
Zero-half cuts applied:  6
Lift and project cuts applied:  1
Gomory fractional cuts applied:  5

Root node processing (before b&c):
  Real time             =    1.22 sec. (2340.20 ticks)
Parallel b&c, 4 threads:
  Real time             =  147.15 sec. (202794.83 ticks)
  Sync time (average)   =   29.04 sec.
  Wait time (average)   =    0.00 sec.
                          ------------
Total (root+branch&cut) =  148.37 sec. (205135.03 ticks)
FEAS... [BinarySearch] Testing t = 14 in range [7, 22] ... FEASIBLE
[BinarySearch] Testing t = 10 in range [7, 13] ... INFEASIBLE
tMAX... 
[3/229] Solving drand-10-110-3.txt ... 
  nIP... Version identifier: 22.1.1.0 | 2022-11-28 | 9160aff4d
CPXPARAM_Threads                                 4
CPXPARAM_TimeLimit                               3600
Tried aggregator 1 time.
MIP Presolve eliminated 36 rows and 16 columns.
MIP Presolve modified 736 coefficients.
Reduced MIP has 636 rows, 280 columns, and 2345 nonzeros.
Reduced MIP has 273 binaries, 7 generals, 0 SOSs, and 0 indicators.
Presolve time = 0.00 sec. (2.13 ticks)
Probing fixed 16 vars, tightened 0 bounds.
Probing time = 0.01 sec. (25.69 ticks)
Tried aggregator 1 time.
Detecting symmetries...
MIP Presolve eliminated 32 rows and 16 columns.
Reduced MIP has 604 rows, 264 columns, and 2213 nonzeros.
Reduced MIP has 257 binaries, 7 generals, 0 SOSs, and 0 indicators.
Presolve time = 0.00 sec. (2.20 ticks)
Probing time = 0.00 sec. (2.95 ticks)
Clique table members: 1331.
MIP emphasis: balance optimality and feasibility.
MIP search method: dynamic search.
Parallel mode: deterministic, using up to 4 threads.
Root relaxation solution time = 0.01 sec. (1.76 ticks)

        Nodes                                         Cuts/
   Node  Left     Objective  IInf  Best Integer    Best Bound    ItCnt     Gap

      0     0        6.0000    28                      6.0000       80         
      0     0        6.0000    22                    Cuts: 18       98         
      0     0        6.0000    18                    Cuts: 26      117         
      0     0        6.0000    21                    Cuts: 16      146         
      0     0        6.0000    17                    Cuts: 11      164         
      0     0        6.0000    17                    Cuts: 14      168         
Detecting symmetries...
FEASIBLE
[BinarySearch] Testing t = 8 in range [7, 9] ... Detecting symmetries...
      0     2        6.0000    14                      6.0000      168         
Elapsed time = 0.07 sec. (87.96 ticks, tree = 0.02 MB, solutions = 0)
*   166    32      integral     0        8.0000        6.0000      962   25.00%
   3651  1555    infeasible              8.0000        6.0000    19794   25.00%

Performing restart 1

Repeating presolve.
Tried aggregator 1 time.
MIP Presolve eliminated 122 rows and 57 columns.
Reduced MIP has 482 rows, 207 columns, and 1706 nonzeros.
Reduced MIP has 201 binaries, 6 generals, 0 SOSs, and 0 indicators.
Presolve time = 0.00 sec. (1.05 ticks)
Tried aggregator 1 time.
MIP Presolve eliminated 12 rows and 6 columns.
Reduced MIP has 470 rows, 201 columns, and 1664 nonzeros.
Reduced MIP has 195 binaries, 6 generals, 0 SOSs, and 0 indicators.
Presolve time = 0.00 sec. (0.95 ticks)
Tried aggregator 1 time.
Reduced MIP has 470 rows, 201 columns, and 1664 nonzeros.
Reduced MIP has 195 binaries, 6 generals, 0 SOSs, and 0 indicators.
Presolve time = 0.00 sec. (1.16 ticks)
Represolve time = 0.01 sec. (10.99 ticks)
   4944     0        6.0000    25        8.0000      Cuts: 49    30198   25.00%
   4944     0        6.0000    17        8.0000      Cuts: 46    30221   25.00%
   4944     0        6.0000    20        8.0000      Cuts: 48    30236   25.00%
   4944     0        6.0000    18        8.0000      Cuts: 31    30263   25.00%
   4944     0        6.0000    17        8.0000      Cuts: 34    30288   25.00%
   4944     0        6.0000    25        8.0000      Cuts: 50    30309   25.00%
   4944     2        6.0000    21        8.0000        6.0000    30309   25.00%
   6201   393        7.0000    12        8.0000        6.0000    37106   25.00%
   7797   820        7.0000    18        8.0000        6.0000    50064   25.00%
  10576  1690        7.0000    15        8.0000        6.0000    70313   25.00%
  14268  2912        6.0000    13        8.0000        6.0000    85781   25.00%
  17255  3937        6.0000    13        8.0000        6.0000   102308   25.00%
  20122  5336    infeasible              8.0000        6.0000   123189   25.00%
  25307  6489        7.0000    11        8.0000        6.0000   136482   25.00%
  38467 11242        7.0000     8        8.0000        6.0000   202040   25.00%
Elapsed time = 2.37 sec. (3198.03 ticks, tree = 3.60 MB, solutions = 2)
  50773 17766    infeasible              8.0000        6.0000   279656   25.00%
  64369 24528    infeasible              8.0000        6.0000   355277   25.00%
  78527 29243        7.0000    10        8.0000        6.0000   432061   25.00%
  89486 34597    infeasible              8.0000        6.0000   509718   25.00%
 104036 39233    infeasible              8.0000        6.0000   581374   25.00%
 114808 45301        7.0000    11        8.0000        6.0000   670815   25.00%
 125522 49839        6.1098    16        8.0000        6.0000   745946   25.00%
 139715 54359        7.0000    10        8.0000        6.0000   815537   25.00%
 151752 62262    infeasible              8.0000        6.0000   912157   25.00%
 160631 65868        7.0000    12        8.0000        6.0000   966378   25.00%
Elapsed time = 11.03 sec. (12735.32 ticks, tree = 20.48 MB, solutions = 2)
 171495 70558        7.0000     6        8.0000        6.0000  1046148   25.00%
 182760 75071        7.0000    11        8.0000        6.0000  1118453   25.00%
 194690 79956        7.0000    10        8.0000        6.0000  1196834   25.00%
 204623 84816        7.0000    21        8.0000        6.0000  1262322   25.00%
 215630 89854        7.0000    17        8.0000        6.0000  1334963   25.00%
 226218 93995        7.0000     8        8.0000        6.0000  1420957   25.00%
 236896 97880        7.0000    10        8.0000        6.0061  1505242   24.92%
 249213 101907        7.0000     9        8.0000        6.0248  1572183   24.69%
 261610 105140        7.0000     8        8.0000        6.0488  1639627   24.39%
 274559 106789        7.0000    10        8.0000        6.0930  1694142   23.84%
Elapsed time = 19.39 sec. (22274.00 ticks, tree = 34.83 MB, solutions = 2)
 285472 109956        7.0000    18        8.0000        6.2514  1773288   21.86%
 299006 113013    infeasible              8.0000        6.8095  1845373   14.88%
 320828 101136    infeasible              8.0000        7.0000  1901961   12.50%
 342658 88422        7.0000     8        8.0000        7.0000  1962183   12.50%
 361162 79802    infeasible              8.0000        7.0000  2033333   12.50%
 376990 71257    infeasible              8.0000        7.0000  2105613   12.50%
 396953 63084    infeasible              8.0000        7.0000  2174342   12.50%
 412689 57803        7.0000     8        8.0000        7.0000  2241245   12.50%
 428721 52346    infeasible              8.0000        7.0000  2304963   12.50%
 444109 47295    infeasible              8.0000        7.0000  2372878   12.50%
Elapsed time = 29.75 sec. (31813.12 ticks, tree = 18.35 MB, solutions = 2)
 460257 41817    infeasible              8.0000        7.0000  2442407   12.50%
 476600 36786    infeasible              8.0000        7.0000  2517482   12.50%
 495074 33603    infeasible              8.0000        7.0000  2577124   12.50%
 510128 29330        7.0000     9        8.0000        7.0000  2651386   12.50%
 521585 25831        7.0000     8        8.0000        7.0000  2727846   12.50%
 542028 23622    infeasible              8.0000        7.0000  2780644   12.50%
 550863 20376        7.0000     9        8.0000        7.0000  2866760   12.50%
 565648 18676        7.0000    12        8.0000        7.0000  2919489   12.50%
 578253 16028        7.0000    10        8.0000        7.0000  2981973   12.50%
 592859 13990    infeasible              8.0000        7.0000  3064754   12.50%
Elapsed time = 40.28 sec. (41351.67 ticks, tree = 9.09 MB, solutions = 2)
 607645 12414        7.0000    16        8.0000        7.0000  3111850   12.50%
 618952 10504        7.0000    15        8.0000        7.0000  3186203   12.50%
 633645  8769        7.0000    11        8.0000        7.0000  3239561   12.50%
FEASIBLE
[BinarySearch] Testing t = 7 in range [7, 7] ...  646745  7025    infeasible              8.0000        7.0000  3323034   12.50%
 660693  4721        7.0000    10        8.0000        7.0000  3387295   12.50%
 673795  3203        7.0000    10        8.0000        7.0000  3455299   12.50%
 685553   696        7.0000     8        8.0000        7.0000  3527423   12.50%

Clique cuts applied:  4
Cover cuts applied:  139
Implied bound cuts applied:  10
Flow cuts applied:  1
Mixed integer rounding cuts applied:  15
Zero-half cuts applied:  1

Root node processing (before b&c):
  Real time             =    0.07 sec. (87.85 ticks)
Parallel b&c, 4 threads:
  Real time             =   46.07 sec. (48383.03 ticks)
  Sync time (average)   =   12.34 sec.
  Wait time (average)   =    0.00 sec.
                          ------------
Total (root+branch&cut) =   46.14 sec. (48470.89 ticks)
nFEAS... [BinarySearch] Testing t = 7 in range [6, 8] ... FEASIBLE
MAX... 
  tIP... Version identifier: 22.1.1.0 | 2022-11-28 | 9160aff4d
CPXPARAM_Threads                                 4
CPXPARAM_TimeLimit                               3600
Tried aggregator 1 time.
MIP Presolve eliminated 22 rows and 10 columns.
MIP Presolve modified 1113 coefficients.
Reduced MIP has 949 rows, 403 columns, and 3355 nonzeros.
Reduced MIP has 397 binaries, 6 generals, 0 SOSs, and 0 indicators.
Presolve time = 0.00 sec. (2.82 ticks)
Probing fixed 18 vars, tightened 0 bounds.
Probing time = 0.01 sec. (17.86 ticks)
Tried aggregator 1 time.
Detecting symmetries...
MIP Presolve eliminated 35 rows and 18 columns.
Reduced MIP has 914 rows, 385 columns, and 3229 nonzeros.
Reduced MIP has 379 binaries, 6 generals, 0 SOSs, and 0 indicators.
Presolve time = 0.00 sec. (2.49 ticks)
Probing time = 0.00 sec. (3.73 ticks)
Clique table members: 1971.
MIP emphasis: balance optimality and feasibility.
MIP search method: dynamic search.
Parallel mode: deterministic, using up to 4 threads.
Root relaxation solution time = 0.00 sec. (3.29 ticks)

        Nodes                                         Cuts/
   Node  Left     Objective  IInf  Best Integer    Best Bound    ItCnt     Gap

      0     0        7.0000    97                      7.0000      184         
      0     0        7.0000    43                    Cuts: 60      234         
      0     0        7.0000    40                    Cuts: 54      280         
      0     0        7.0000    42                    Cuts: 35      304         
      0     0        7.0000    45                    Cuts: 15      334         
Detecting symmetries...
      0     2        7.0000    43                      7.0000      334         
Elapsed time = 0.09 sec. (106.80 ticks, tree = 0.02 MB, solutions = 0)
   2288   336        7.0000    38                      7.0000    12501         
   4396   520        7.0000    42                      7.0000    25806         

Performing restart 1

Repeating presolve.
Tried aggregator 1 time.
MIP Presolve eliminated 8 rows and 4 columns.
Reduced MIP has 906 rows, 381 columns, and 3201 nonzeros.
Reduced MIP has 375 binaries, 6 generals, 0 SOSs, and 0 indicators.
Presolve time = 0.00 sec. (1.72 ticks)
Tried aggregator 1 time.
Reduced MIP has 906 rows, 381 columns, and 3201 nonzeros.
Reduced MIP has 375 binaries, 6 generals, 0 SOSs, and 0 indicators.
Presolve time = 0.00 sec. (2.13 ticks)
Represolve time = 0.01 sec. (17.63 ticks)
   4974     0        7.0000    52                    Cuts: 58    30866         
   4974     0        7.0000    46                   Cuts: 163    30890         
   4974     0        7.0000    43                   Cuts: 158    30923         
   4974     0        7.0000    51                    Cuts: 88    30965         
   4974     0        7.0000    35                    Cuts: 32    31005         
   4974     0        7.0000    41                   Cuts: 211    31051         
   4974     0        7.0000    63                   Cuts: 204    31122         
   4974     0        7.0000    37                   Cuts: 115    31160         
   4974     0        7.0000    46                   Cuts: 182    31210         
   4974     2        7.0000    33                      7.0000    31210         
   5566   144        7.0000    37                      7.0000    34944         
   7259   552        7.0000    34                      7.0000    44256         
   9156   916    infeasible                            7.0000    53710         
  10913  1190        7.0000    32                      7.0000    59792         
  12819  1060        7.0000    37                      7.0000    65994         
  14271  1310    infeasible                            7.0000    73166         

Performing restart 2

Repeating presolve.
Tried aggregator 1 time.
MIP Presolve eliminated 5 rows and 0 columns.
Reduced MIP has 901 rows, 381 columns, and 4361 nonzeros.
Reduced MIP has 375 binaries, 6 generals, 0 SOSs, and 0 indicators.
Presolve time = 0.00 sec. (2.48 ticks)
Tried aggregator 1 time.
Reduced MIP has 901 rows, 381 columns, and 4361 nonzeros.
Reduced MIP has 375 binaries, 6 generals, 0 SOSs, and 0 indicators.
Presolve time = 0.00 sec. (2.83 ticks)
Represolve time = 0.01 sec. (21.64 ticks)
  18881     0        7.0000    43                    Cuts: 66    93764         
  18881     0        7.0000    47                   Cuts: 161    93820         
  18881     0        7.0000    49                    Cuts: 32    93855         
  18881     0        7.0000    44                    Cuts: 13    93886         
  18881     0        7.0000    45                   Cuts: 183    93939         
  18881     0        7.0000    41                   Cuts: 113    93970         
  18881     0        7.0000    46                    Cuts: 19    94009         
  18881     0        7.0000    53                    Cuts: 61    94066         
  18901     3        7.0000    62                      7.0000    94222         
Elapsed time = 2.78 sec. (3346.71 ticks, tree = 0.02 MB, solutions = 0)
  19340    32    infeasible                            7.0000   112546         
  20084    54    infeasible                            7.0000   139322         
  20898   101    infeasible                            7.0000   168364         
  21987   132        7.0000    27                      7.0000   206653         
* 22213   105      integral     0        7.0000        7.0000   212727    0.00%

Cover cuts applied:  3
Gomory fractional cuts applied:  1

Root node processing (before b&c):
  Real time             =    0.08 sec. (106.48 ticks)
Parallel b&c, 4 threads:
  Real time             =    5.45 sec. (7260.37 ticks)
  Sync time (average)   =    1.27 sec.
  Wait time (average)   =    0.00 sec.
                          ------------
Total (root+branch&cut) =    5.53 sec. (7366.85 ticks)
tFEAS... [BinarySearch] Testing t = 7 in range [7, 7] ... FEASIBLE
tMAX... 
[4/229] Solving full-7-30-3.txt ... 
  nIP... Version identifier: 22.1.1.0 | 2022-11-28 | 9160aff4d
CPXPARAM_Threads                                 4
CPXPARAM_TimeLimit                               3600
Tried aggregator 1 time.
MIP Presolve eliminated 40 rows and 15 columns.
MIP Presolve modified 1782 coefficients.
Reduced MIP has 1543 rows, 687 columns, and 5833 nonzeros.
Reduced MIP has 679 binaries, 8 generals, 0 SOSs, and 0 indicators.
Presolve time = 0.00 sec. (4.95 ticks)
Probing fixed 38 vars, tightened 0 bounds.
Probing time = 0.04 sec. (113.20 ticks)
Tried aggregator 1 time.
Detecting symmetries...
MIP Presolve eliminated 76 rows and 38 columns.
Reduced MIP has 1467 rows, 649 columns, and 5525 nonzeros.
Reduced MIP has 641 binaries, 8 generals, 0 SOSs, and 0 indicators.
Presolve time = 0.00 sec. (6.25 ticks)
Probing time = 0.00 sec. (4.67 ticks)
Clique table members: 3191.
MIP emphasis: balance optimality and feasibility.
MIP search method: dynamic search.
Parallel mode: deterministic, using up to 4 threads.
Root relaxation solution time = 0.01 sec. (6.43 ticks)

        Nodes                                         Cuts/
   Node  Left     Objective  IInf  Best Integer    Best Bound    ItCnt     Gap

      0     0        7.0000   124                      7.0000      287         
      0     0        7.0000    32                  MIRcuts: 1      288         
      0     0        7.0000    48                    Cuts: 40      342         
      0     0        7.0000    35                     Cuts: 4      357         
      0     0        7.0000    37                    Cuts: 30      381         
Detecting symmetries...
      0     2        7.0000    28                      7.0000      381         
Elapsed time = 0.21 sec. (318.30 ticks, tree = 0.02 MB, solutions = 0)
   1150   457        8.0000    32                      7.0000    10651         
   2524  1115        9.0000    28                      7.0000    22659         
   3746  1800        9.0000    29                      7.0000    35530         

Performing restart 1

Repeating presolve.
Tried aggregator 1 time.
Reduced MIP has 1467 rows, 649 columns, and 5525 nonzeros.
Reduced MIP has 641 binaries, 8 generals, 0 SOSs, and 0 indicators.
Presolve time = 0.00 sec. (2.95 ticks)
Tried aggregator 1 time.
Reduced MIP has 1467 rows, 649 columns, and 5525 nonzeros.
Reduced MIP has 641 binaries, 8 generals, 0 SOSs, and 0 indicators.
Presolve time = 0.00 sec. (3.70 ticks)
Represolve time = 0.02 sec. (47.56 ticks)
   3788     0        7.0000    50                    Cuts: 32    37243         
   3788     0        7.0000    56                   Cuts: 312    37319         
   3788     0        7.0000    34                    Cuts: 11    37347         
   3788     0        7.0000    53                   Cuts: 216    37402         
   3788     0        7.0000    42                    Cuts: 55    37440         
   3788     0        7.0000    39                   Cuts: 189    37479         
   3788     0        7.0000    50                   Cuts: 179    37528         
   3788     2        7.0000    27                      7.0000    37528         
   3990    80        7.0000    31                      7.0000    39294         
   4735   482        9.0000    28                      7.0000    43185         
   5715   966        8.0000    24                      7.0000    48669         
   6655  1586        7.0000    27                      7.0000    53526         
   7417  2152        7.0000    30                      7.0000    58833         
  10764  4564        8.0000    30                      7.0000    79959         
Elapsed time = 2.98 sec. (3704.37 ticks, tree = 2.80 MB, solutions = 0)

Performing restart 2

Repeating presolve.
Tried aggregator 1 time.
MIP Presolve eliminated 4 rows and 0 columns.
Reduced MIP has 1463 rows, 649 columns, and 7548 nonzeros.
Reduced MIP has 641 binaries, 8 generals, 0 SOSs, and 0 indicators.
Presolve time = 0.00 sec. (4.45 ticks)
Tried aggregator 1 time.
Reduced MIP has 1463 rows, 649 columns, and 7548 nonzeros.
Reduced MIP has 641 binaries, 8 generals, 0 SOSs, and 0 indicators.
Presolve time = 0.00 sec. (5.08 ticks)
Represolve time = 0.03 sec. (55.26 ticks)
  10858     0        7.0000    45                    Cuts: 44    83480         
  10858     0        7.0000    46                    Cuts: 98    83541         
  10858     0        7.0000    42                    Cuts: 16    83576         
  10858     0        7.0000    44                   Cuts: 326    83628         
INFEASIBLE
[BinarySearch] Testing t = 8 in range [8, 8] ...   10858     0        7.0000    30                   Cuts: 109    83661         
  10858     0        7.0000    36                   Cuts: 157    83704         
  10858     0        7.0000    36                   Cuts: 141    83746         
  10858     0        7.0000    41                   Cuts: 207    83794         
  10858     0        7.0000    45                     Cuts: 5    83821         
  10861     5        7.0000    34                      7.0000    83852         
FEASIBLE
nMAX... 
  IP... Version identifier: 22.1.1.0 | 2022-11-28 | 9160aff4d
CPXPARAM_Threads                                 4
CPXPARAM_TimeLimit                               3600
Tried aggregator 1 time.
MIP Presolve eliminated 52 rows and 24 columns.
MIP Presolve modified 1348 coefficients.
Reduced MIP has 1195 rows, 548 columns, and 4706 nonzeros.
Reduced MIP has 538 binaries, 10 generals, 0 SOSs, and 0 indicators.
Presolve time = 0.00 sec. (4.07 ticks)
Probing time = 0.00 sec. (4.34 ticks)
Tried aggregator 1 time.
Detecting symmetries...
Reduced MIP has 1195 rows, 548 columns, and 4706 nonzeros.
Reduced MIP has 538 binaries, 10 generals, 0 SOSs, and 0 indicators.
Presolve time = 0.00 sec. (3.07 ticks)
Probing fixed 52 vars, tightened 0 bounds.
Probing time = 0.07 sec. (169.00 ticks)
Clique table members: 2529.
MIP emphasis: balance optimality and feasibility.
MIP search method: dynamic search.
Parallel mode: deterministic, using up to 4 threads.
Root relaxation solution time = 0.04 sec. (4.93 ticks)

        Nodes                                         Cuts/
   Node  Left     Objective  IInf  Best Integer    Best Bound    ItCnt     Gap

      0     0        5.0000    45                      5.0000      151         
      0     0        5.0000    20                    Cuts: 12      164         
      0     0        5.0000    19                    Cuts: 39      187         
      0     0        5.0000    15                     Cuts: 2      191         
      0     0        5.0000    12                    Cuts: 19      202         
*     0+    0                           10.0000        5.0000            50.00%
Detecting symmetries...

Repeating presolve.
Tried aggregator 1 time.
MIP Presolve eliminated 430 rows and 207 columns.
Reduced MIP has 765 rows, 341 columns, and 2879 nonzeros.
Reduced MIP has 333 binaries, 8 generals, 0 SOSs, and 0 indicators.
Presolve time = 0.00 sec. (2.87 ticks)
Probing fixed 6 vars, tightened 0 bounds.
Probing time = 0.00 sec. (9.95 ticks)
Tried aggregator 1 time.
MIP Presolve eliminated 12 rows and 6 columns.
Reduced MIP has 753 rows, 335 columns, and 2837 nonzeros.
Reduced MIP has 327 binaries, 8 generals, 0 SOSs, and 0 indicators.
Presolve time = 0.00 sec. (1.57 ticks)
Probing time = 0.00 sec. (3.22 ticks)
Tried aggregator 1 time.
Detecting symmetries...
Reduced MIP has 753 rows, 335 columns, and 2837 nonzeros.
Reduced MIP has 327 binaries, 8 generals, 0 SOSs, and 0 indicators.
Presolve time = 0.00 sec. (1.93 ticks)
Represolve time = 0.01 sec. (21.34 ticks)
Probing time = 0.00 sec. (3.21 ticks)
Clique table members: 1853.
MIP emphasis: balance optimality and feasibility.
MIP search method: dynamic search.
Parallel mode: deterministic, using up to 4 threads.
Root relaxation solution time = 0.00 sec. (2.80 ticks)

        Nodes                                         Cuts/
   Node  Left     Objective  IInf  Best Integer    Best Bound    ItCnt     Gap

*     0+    0                           10.0000        5.0000            50.00%
      0     0        5.0000    46       10.0000        5.0000      333   50.00%
Detecting symmetries...
      0     2        5.0000    15       10.0000        5.0000      333   50.00%
Elapsed time = 0.37 sec. (522.84 ticks, tree = 0.02 MB, solutions = 1)
  11154    77        8.0000    22                      7.0000    93719         
*  1479+ 1117                            9.0000        5.0000            44.44%
   2791  1748        8.0000    15        9.0000        5.0000    15105   44.44%

Performing restart 1

Repeating presolve.
Tried aggregator 1 time.
MIP Presolve eliminated 136 rows and 64 columns.
Reduced MIP has 617 rows, 271 columns, and 2267 nonzeros.
Reduced MIP has 264 binaries, 7 generals, 0 SOSs, and 0 indicators.
Presolve time = 0.00 sec. (1.39 ticks)
Tried aggregator 1 time.
MIP Presolve eliminated 12 rows and 6 columns.
Reduced MIP has 605 rows, 265 columns, and 2225 nonzeros.
Reduced MIP has 258 binaries, 7 generals, 0 SOSs, and 0 indicators.
Presolve time = 0.00 sec. (1.29 ticks)
Tried aggregator 1 time.
Reduced MIP has 605 rows, 265 columns, and 2225 nonzeros.
Reduced MIP has 258 binaries, 7 generals, 0 SOSs, and 0 indicators.
Presolve time = 0.00 sec. (1.56 ticks)
Represolve time = 0.01 sec. (17.45 ticks)
   3774     0        5.0000    25        9.0000      Cuts: 26    23925   44.44%
   3774     0        5.0000    31        9.0000     Cuts: 155    23961   44.44%
   3774     0        5.0000    27        9.0000      Cuts: 14    24007   44.44%
   3774     0        5.0000    31        9.0000     Cuts: 155    24031   44.44%
   3774     0        5.0000    19        9.0000       Cuts: 6    24045   44.44%
   3774     0        5.0000    27        9.0000      Cuts: 73    24078   44.44%
   3774     0        5.0000    22        9.0000      Cuts: 75    24115   44.44%
   3774     2        5.0000    22        9.0000        5.0000    24115   44.44%
  11616   255        9.0000    22                      7.0000   104876         
   4471   363        5.0000    20        9.0000        5.0000    28042   44.44%
  12278   464        8.0000    36                      7.0000   116330         
   5501  1123        6.0000    20        9.0000        5.0000    33925   44.44%
   6711  1983        7.0000    10        9.0000        5.0000    39295   44.44%
  12937   836        7.0000    40                      7.0000   137766         
   9032  3666        5.0000    10        9.0000        5.0000    50429   44.44%
* 11981+ 5815                            8.0000        5.0000            37.50%
  12033  5546        8.0000    18        8.0000        5.0000    64135   37.50%
  13650  1267        8.0000    27                      7.0000   153904         
  14153  5049    infeasible              8.0000        5.0000    81102   37.50%
  17294  7367    infeasible              8.0000        5.0000    97998   37.50%
  14106  1505        8.0000    22                      7.0000   169506         
  14659  1848        8.0000    14                      7.0000   185727         
  27803 14981        6.0000    11        8.0000        5.0000   149770   37.50%
Elapsed time = 3.58 sec. (3683.76 ticks, tree = 5.30 MB, solutions = 3)

Performing restart 2

Repeating presolve.
Tried aggregator 1 time.
MIP Presolve eliminated 61 rows and 56 columns.
MIP Presolve modified 18 coefficients.
Reduced MIP has 544 rows, 209 columns, and 2795 nonzeros.
Reduced MIP has 202 binaries, 7 generals, 0 SOSs, and 0 indicators.
Presolve time = 0.00 sec. (2.78 ticks)
Tried aggregator 1 time.
MIP Presolve eliminated 19 rows and 6 columns.
MIP Presolve modified 61 coefficients.
Reduced MIP has 525 rows, 203 columns, and 2601 nonzeros.
Reduced MIP has 196 binaries, 7 generals, 0 SOSs, and 0 indicators.
Presolve time = 0.00 sec. (2.20 ticks)
Tried aggregator 1 time.
MIP Presolve eliminated 5 rows and 4 columns.
Reduced MIP has 520 rows, 199 columns, and 2562 nonzeros.
Reduced MIP has 192 binaries, 7 generals, 0 SOSs, and 0 indicators.
Presolve time = 0.00 sec. (2.19 ticks)
Represolve time = 0.02 sec. (19.99 ticks)
  32673     0        5.0000    25        8.0000      Cuts: 40   177904   37.50%
  32673     0        5.0000    19        8.0000      Cuts: 58   177935   37.50%
  32673     0        5.0000    26        8.0000      Cuts: 90   177984   37.50%
  15338  2112        7.0000    27                      7.0000   199774         
  32673     0        5.0000    21        8.0000       Cuts: 5   177994   37.50%
  32673     0        5.0000    28        8.0000     Cuts: 121   178035   37.50%
  32673     0        5.0000    36        8.0000      Cuts: 53   178081   37.50%
  32673     0        5.0000    22        8.0000      Cuts: 12   178107   37.50%
  32673     0        5.0000    23        8.0000      Cuts: 58   178129   37.50%
  32673     0        5.0000    25        8.0000      Cuts: 57   178157   37.50%
  32673     0        5.0000    30        8.0000     Cuts: 137   178183   37.50%
  32837    85    infeasible              8.0000        5.0000   181165   37.50%
  16017  2608        7.0000    27                      7.0000   218381         
Elapsed time = 8.68 sec. (13259.52 ticks, tree = 1.56 MB, solutions = 0)
  36347  2310        6.0000    30        8.0000        5.0000   223268   37.50%
  40930  5753        7.0000    10        8.0000        5.0000   274796   37.50%
  16641  3037        9.0000    23                      7.0000   233530         
  45701  9108        7.0000    21        8.0000        5.0000   325666   37.50%
  17157  3363        8.0000    26                      7.0000   250273         
  50639 12458        6.0000    14        8.0000        5.0000   375543   37.50%
  55708 15527        7.0000     8        8.0000        6.0000   441489   25.00%
  17931  3693        8.0000    27                      7.0000   266287         
  61089 17253        7.0000     8        8.0000        6.0000   513023   25.00%
  18766  4287        8.0000    12                      7.0000   283765         
  66725 18969        6.0000    10        8.0000        6.0000   589295   25.00%
  72215 21072        6.0000    18        8.0000        6.0000   672292   25.00%
  19675  4838        8.0000    24                      7.0000   303456         
  77591 22559    infeasible              8.0000        6.0000   738349   25.00%
Elapsed time = 10.20 sec. (13221.64 ticks, tree = 7.38 MB, solutions = 3)
  20476  5403        8.0000    24                      7.0000   322271         
  83009 24882        6.3333    24        8.0000        6.0000   817868   25.00%
  21338  6000        8.0000    38                      7.0000   341643         
  22123  6623        9.0000    30                      7.0000   359113         
  88732 26372        7.0000    11        8.0000        6.0000   881793   25.00%
  22852  7219        8.0000    27                      7.0000   381597         
  94218 28433        7.0000    17        8.0000        6.0000   966615   25.00%
  23628  7661        8.0363    23                      7.0000   397042         
Elapsed time = 16.52 sec. (22808.53 ticks, tree = 5.28 MB, solutions = 0)
  24271  8121        8.0000    22                      7.0000   418512         
 100110 30211        7.0000    20        8.0000        6.0000  1040834   25.00%
  25046  8515        7.0000    30                      7.0000   436899         
  26004  9054        9.0000    22                      7.0000   457251         
 105658 32074        7.0000    12        8.0000        6.0000  1107817   25.00%
  26653  9717        8.0000    38                      7.0000   482361         
* 26710  9756      integral     0        9.0000        7.0000   484466   22.22%
  27243  5824        7.1185    46        9.0000        7.0000   506849   22.22%
 111378 34530        6.0000    11        8.0000        6.0000  1191162   25.00%
  27819  6097        7.0000    25        9.0000        7.0000   517562   22.22%
 116761 36180        7.0000    15        8.0000        6.0000  1249639   25.00%
  28279  6242        8.0000    26        9.0000        7.0000   529460   22.22%
  28753  6402        8.0000    35        9.0000        7.0000   548041   22.22%
 122109 38051        7.0000    10        8.0000        6.0000  1322036   25.00%
  29330  6682        7.0000    26        9.0000        7.0000   569954   22.22%
  30022  6967        7.0000    26        9.0000        7.0000   587742   22.22%
Elapsed time = 21.59 sec. (32363.22 ticks, tree = 5.00 MB, solutions = 1)
 127079 40048        7.0000    17        8.0000        6.0000  1401287   25.00%
  30713  7249        8.0000    39        9.0000        7.0000   602160   22.22%
  31234  7584        7.1185    47        9.0000        7.0000   621228   22.22%
 132385 41546        7.0000     8        8.0000        6.0000  1469872   25.00%
Elapsed time = 19.35 sec. (22760.25 ticks, tree = 14.02 MB, solutions = 3)
  31917  7832        8.0000    30        9.0000        7.0000   634950   22.22%
  32553  8294        8.0000    35        9.0000        7.0000   662098   22.22%
 137688 43645    infeasible              8.0000        6.0000  1558811   25.00%
  33235  8673        8.0000    22        9.0000        7.0000   683172   22.22%
  33816  8833    infeasible              9.0000        7.0000   698191   22.22%
 142954 45108        7.0000    10        8.0000        6.0000  1622987   25.00%
  34428  9079        7.0249    44        9.0000        7.0000   717406   22.22%
  35046  9348        8.0000    28        9.0000        7.0000   734671   22.22%
 148118 47069        7.0000    10        8.0000        6.0000  1694739   25.00%
  35728  9722        8.0000    31        9.0000        7.0000   757234   22.22%
  36305 10004        7.0000    28        9.0000        7.0000   772623   22.22%
Elapsed time = 26.34 sec. (41919.74 ticks, tree = 6.62 MB, solutions = 1)
 153317 48608        7.0000    16        8.0000        6.0000  1766300   25.00%
  37024 10249        7.0000    32        9.0000        7.0000   788142   22.22%
  37821 10668        8.0000    24        9.0000        7.0000   810027   22.22%
 158295 50254        7.0000    12        8.0000        6.0000  1828215   25.00%
  38574 10894        7.0000    40        9.0000        7.0000   826316   22.22%
 163469 52337        7.0000    19        8.0000        6.0000  1905553   25.00%
  39170 11147        7.0000    41        9.0000        7.0000   845610   22.22%
  39832 11570        8.0000    36        9.0000        7.0000   870588   22.22%
 168327 54196    infeasible              8.0000        6.0000  1976487   25.00%
  40525 11810        7.0462    42        9.0000        7.0000   888646   22.22%
  41288 12231        7.0000    30        9.0000        7.0000   912862   22.22%
 173532 55858        6.0284    29        8.0000        6.0000  2042896   25.00%
  41943 12371        7.0000    32        9.0000        7.0000   923774   22.22%
 178940 56124        7.0000    11        8.0000        6.0101  2117499   24.87%
  42625 12915        8.0000    28        9.0000        7.0000   947762   22.22%
 184996 55786        7.0000    15        8.0000        6.8413  2199386   14.48%
Elapsed time = 28.44 sec. (32298.64 ticks, tree = 18.02 MB, solutions = 3)
  43276 13134        8.0000    26        9.0000        7.0000   963124   22.22%
Elapsed time = 32.13 sec. (51469.35 ticks, tree = 8.62 MB, solutions = 1)
 191766 53311        7.0000     9        8.0000        7.0000  2259144   12.50%
  43907 13388        7.0000    31        9.0000        7.0000   984468   22.22%
 197811 50833    infeasible              8.0000        7.0000  2338462   12.50%
* 44033+13462                            8.0000        7.0000            12.50%
  44508  1569        7.0000    41        8.0000        7.0000   996881   12.50%
 204037 48876        7.0000     8        8.0000        7.0000  2408674   12.50%
  45153  1607    infeasible              8.0000        7.0000  1018157   12.50%
 210702 46538        7.0000     9        8.0000        7.0000  2487009   12.50%
  45768  1708    infeasible              8.0000        7.0000  1047531   12.50%
 217765 44313    infeasible              8.0000        7.0000  2549230   12.50%
  46463  1736        7.0000    35        8.0000        7.0000  1057974   12.50%
 224515 42187    infeasible              8.0000        7.0000  2624772   12.50%
  47249  1650    infeasible              8.0000        7.0000  1088601   12.50%
 231251 40014        7.0000     8        8.0000        7.0000  2704693   12.50%
  47884  1652    infeasible              8.0000        7.0000  1104227   12.50%
 238034 37794        7.0000     8        8.0000        7.0000  2786638   12.50%
  48570  1632        7.0000    28        8.0000        7.0000  1134857   12.50%
 244885 35208    infeasible              8.0000        7.0000  2879584   12.50%
  49275  1520        7.0000    28        8.0000        7.0000  1157178   12.50%
 251827 32522    infeasible              8.0000        7.0000  2974216   12.50%
Elapsed time = 36.17 sec. (41836.91 ticks, tree = 11.54 MB, solutions = 3)
  50061  1469        7.0000    38        8.0000        7.0000  1169690   12.50%
Elapsed time = 40.33 sec. (61026.15 ticks, tree = 1.45 MB, solutions = 2)
 258675 30449    infeasible              8.0000        7.0000  3055831   12.50%
  50964  1330        7.0000    31        8.0000        7.0000  1186165   12.50%
  51688  1159        7.0000    19        8.0000        7.0000  1213083   12.50%
  52728  1060        7.0000    30        8.0000        7.0000  1238873   12.50%
 265305 28758    infeasible              8.0000        7.0000  3126526   12.50%
  53717  1240        7.0000    29        8.0000        7.0000  1267199   12.50%
  54598  1269        7.0000    40        8.0000        7.0000  1281358   12.50%
 271713 26844    infeasible              8.0000        7.0000  3210411   12.50%
  55527  1283    infeasible              8.0000        7.0000  1314953   12.50%
  56421  1368    infeasible              8.0000        7.0000  1332062   12.50%
 278163 24977        7.0000    12        8.0000        7.0000  3294742   12.50%
* 57164  1245      integral     0        7.0000        7.0000  1356503    0.00%
  57275  1428    infeasible              7.0000        7.0000  1360593    0.00%

GUB cover cuts applied:  5
Clique cuts applied:  1
Cover cuts applied:  27
Implied bound cuts applied:  3
Flow cuts applied:  2
Mixed integer rounding cuts applied:  1
Zero-half cuts applied:  3
Gomory fractional cuts applied:  5

Root node processing (before b&c):
  Real time             =    0.21 sec. (317.77 ticks)
Parallel b&c, 4 threads:
  Real time             =   44.08 sec. (68798.05 ticks)
  Sync time (average)   =    7.49 sec.
  Wait time (average)   =    0.00 sec.
                          ------------
Total (root+branch&cut) =   44.29 sec. (69115.82 ticks)
nFEAS... [BinarySearch] Testing t = 8 in range [7, 9] ...  284760 23019    infeasible              8.0000        7.0000  3385046   12.50%
 291470 21375        7.0000    12        8.0000        7.0000  3458242   12.50%
 298115 19399    infeasible              8.0000        7.0000  3547367   12.50%
FEASIBLE
[BinarySearch] Testing t = 7 in range [7, 7] ...  304718 17461        7.0000    13        8.0000        7.0000  3630359   12.50%
 311433 15493    infeasible              8.0000        7.0000  3718296   12.50%
 318170 14195    infeasible              8.0000        7.0000  3781851   12.50%
Elapsed time = 43.89 sec. (51376.00 ticks, tree = 6.44 MB, solutions = 3)
 324820 12148    infeasible              8.0000        7.0000  3876207   12.50%
 331361 10378        7.0000    11        8.0000        7.0000  3952149   12.50%
 337967  8767    infeasible              8.0000        7.0000  4023097   12.50%
 344145  7217    infeasible              8.0000        7.0000  4098729   12.50%
 350517  5381        7.0000     9        8.0000        7.0000  4186596   12.50%
 356822  3619        7.0000     8        8.0000        7.0000  4269770   12.50%
 362837  2488        7.0000    20        8.0000        7.0000  4352694   12.50%
 368781  1537        7.0000    15        8.0000        7.0000  4418712   12.50%
 374132   779        7.0000    19        8.0000        7.0000  4481482   12.50%
 379417   256        7.0000     5        8.0000        7.0000  4577967   12.50%
Elapsed time = 49.58 sec. (60914.86 ticks, tree = 2.75 MB, solutions = 3)
 382577    53        7.0000     8        8.0000        7.0000  4632263   12.50%

GUB cover cuts applied:  7
Clique cuts applied:  21
Cover cuts applied:  91
Implied bound cuts applied:  12
Flow cuts applied:  5
Mixed integer rounding cuts applied:  23
Zero-half cuts applied:  5
Lift and project cuts applied:  1
Gomory fractional cuts applied:  10

Root node processing (before b&c):
  Real time             =    0.37 sec. (522.62 ticks)
Parallel b&c, 4 threads:
  Real time             =   49.92 sec. (61554.11 ticks)
  Sync time (average)   =    9.74 sec.
  Wait time (average)   =    0.00 sec.
                          ------------
Total (root+branch&cut) =   50.29 sec. (62076.73 ticks)
FEAS... [BinarySearch] Testing t = 8 in range [5, 11] ... FEASIBLE
[BinarySearch] Testing t = 6 in range [5, 7] ... INFEASIBLE
[BinarySearch] Testing t = 7 in range [7, 7] ... FEASIBLE
nMAX... 
  IP... Version identifier: 22.1.1.0 | 2022-11-28 | 9160aff4d
CPXPARAM_Threads                                 4
CPXPARAM_TimeLimit                               3600
Tried aggregator 1 time.
MIP Presolve eliminated 188 rows and 79 columns.
MIP Presolve modified 11850 coefficients.
Reduced MIP has 9078 rows, 4354 columns, and 38482 nonzeros.
Reduced MIP has 4333 binaries, 21 generals, 0 SOSs, and 0 indicators.
Presolve time = 0.01 sec. (29.21 ticks)
Probing fixed 7 vars, tightened 0 bounds.
Probing time = 0.09 sec. (96.22 ticks)
Tried aggregator 1 time.
Detecting symmetries...
MIP Presolve eliminated 14 rows and 7 columns.
Reduced MIP has 9064 rows, 4347 columns, and 38433 nonzeros.
Reduced MIP has 4326 binaries, 21 generals, 0 SOSs, and 0 indicators.
Presolve time = 0.01 sec. (22.89 ticks)
Probing time = 0.01 sec. (14.56 ticks)
Clique table members: 19603.
MIP emphasis: balance optimality and feasibility.
MIP search method: dynamic search.
Parallel mode: deterministic, using up to 4 threads.
Root relaxation solution time = 0.08 sec. (44.18 ticks)

        Nodes                                         Cuts/
   Node  Left     Objective  IInf  Best Integer    Best Bound    ItCnt     Gap

      0     0        7.0000   137                      7.0000      548         
      0     0        7.0000    64                    Cuts: 42      733         
      0     0        7.0000    41                   Cuts: 108      805         
      0     0        7.0000    41                    Cuts: 50      858         
      0     0        7.0000    41                    Cuts: 62      901         
*     0+    0                           22.0000        7.0000            68.18%
Detecting symmetries...
      0     2        7.0000    34       22.0000        7.0000      901   68.18%
Elapsed time = 1.94 sec. (2449.24 ticks, tree = 0.02 MB, solutions = 1)
      4     5       10.0000   190       22.0000        7.0000     4131   68.18%
     26    15       19.0000    10       22.0000        7.0000     4943   68.18%
*    34    19      integral     0       20.0000        7.0000     5063   65.00%
*    40+    3                           19.0000        7.0000            63.16%
     43    13       10.0000   147       19.0000        7.0000     6705   63.16%
     80    38       18.0000    32       19.0000        7.0000     8284   63.16%
    221   125       18.0000    26       19.0000        7.0000     8742   63.16%
    353   231        7.0000    41       19.0000        7.0000    12766   63.16%
    397   304       12.0000    30       19.0000        7.0000    14951   63.16%
    613   350        9.0000    28       19.0000        7.0000    15954   63.16%
    860   553       10.0000    26       19.0000        7.0000    18583   63.16%
   1793  1409       12.0000    26       19.0000        7.0000    31720   63.16%
Elapsed time = 4.10 sec. (5703.10 ticks, tree = 3.87 MB, solutions = 5)

Performing restart 1

Repeating presolve.
Tried aggregator 1 time.
MIP Presolve eliminated 3 rows and 2 columns.
Reduced MIP has 9061 rows, 4345 columns, and 38419 nonzeros.
Reduced MIP has 4324 binaries, 21 generals, 0 SOSs, and 0 indicators.
Presolve time = 0.01 sec. (18.79 ticks)
Tried aggregator 1 time.
MIP Presolve eliminated 745 rows and 372 columns.
Reduced MIP has 8316 rows, 3973 columns, and 35075 nonzeros.
Reduced MIP has 3952 binaries, 21 generals, 0 SOSs, and 0 indicators.
Presolve time = 0.02 sec. (46.35 ticks)
Tried aggregator 1 time.
Reduced MIP has 8316 rows, 3973 columns, and 35075 nonzeros.
Reduced MIP has 3952 binaries, 21 generals, 0 SOSs, and 0 indicators.
Presolve time = 0.01 sec. (21.55 ticks)
Represolve time = 2.48 sec. (4178.50 ticks)
   2428     0        7.0000    66       19.0000     Cuts: 133    38955   63.16%
*  2428+    0                           17.0000        7.0000            58.82%
   2428     0        7.0000    57       17.0000     Cuts: 265    39164   58.82%
   2428     0        7.0000    46       17.0000     Cuts: 108    39301   58.82%
*  2428+    0                           12.0000        7.0000            41.67%

Repeating presolve.
Tried aggregator 1 time.
MIP Presolve eliminated 5183 rows and 2948 columns.
Reduced MIP has 3133 rows, 1025 columns, and 13953 nonzeros.
Reduced MIP has 1004 binaries, 21 generals, 0 SOSs, and 0 indicators.
Presolve time = 0.01 sec. (12.44 ticks)
Tried aggregator 1 time.
MIP Presolve eliminated 74 rows and 17 columns.
MIP Presolve modified 36 coefficients.
Reduced MIP has 3059 rows, 1008 columns, and 13374 nonzeros.
Reduced MIP has 987 binaries, 21 generals, 0 SOSs, and 0 indicators.
Presolve time = 0.01 sec. (11.92 ticks)
Tried aggregator 1 time.
MIP Presolve eliminated 11 rows and 0 columns.
MIP Presolve modified 39 coefficients.
Reduced MIP has 3048 rows, 1008 columns, and 13351 nonzeros.
Reduced MIP has 987 binaries, 21 generals, 0 SOSs, and 0 indicators.
Presolve time = 0.01 sec. (13.09 ticks)
Represolve time = 0.11 sec. (157.75 ticks)
   2428     0        7.0000    56       12.0000     Cuts: 104    39704   41.67%
   2428     0        7.0000    62       12.0000     Cuts: 161    39759   41.67%
   2428     0        7.0000    34       12.0000      Cuts: 23    39789   41.67%
   2428     0        7.0000    68       12.0000     Cuts: 180    39846   41.67%
   2428     0        7.0000    54       12.0000       Cuts: 5    39858   41.67%
   2428     0        7.0000    57       12.0000     Cuts: 122    39894   41.67%
   2428     0        7.0000    48       12.0000     Cuts: 105    39935   41.67%
   2428     0        7.0000    62       12.0000     Cuts: 330    39995   41.67%
   2428     2        7.0000    32       12.0000        7.0000    39995   41.67%
   2860   233        9.0000    26       12.0000        7.0000    44041   41.67%
   4546  1484       11.0000    19       12.0000        7.0000    53031   41.67%
*  4681+ 1561                           10.0000        7.0000            30.00%
   7173  2282        8.0000    26       10.0000        7.0000    65508   30.00%
   9787  4206        9.0000    24       10.0000        7.0000    77218   30.00%
  12823  6575    infeasible             10.0000        7.0000    96767   30.00%
  15697  8402        8.0000    29       10.0000        7.0000   113013   30.00%
* 16574  8918      integral     0        9.0000        7.0000   118618   22.22%
  18641  5061    infeasible              9.0000        7.0000   130540   22.22%
  21188  6146        7.0000    32        9.0000        7.0000   144303   22.22%
  24304  7781        8.0000    20        9.0000        7.0000   158569   22.22%
Elapsed time = 17.93 sec. (23444.91 ticks, tree = 7.03 MB, solutions = 9)
INFEASIBLE
MAX... 
  tIP... Version identifier: 22.1.1.0 | 2022-11-28 | 9160aff4d
CPXPARAM_Threads                                 4
CPXPARAM_TimeLimit                               3600
Tried aggregator 1 time.
MIP Presolve eliminated 36 rows and 16 columns.
MIP Presolve modified 736 coefficients.
Reduced MIP has 636 rows, 280 columns, and 2345 nonzeros.
Reduced MIP has 273 binaries, 7 generals, 0 SOSs, and 0 indicators.
Presolve time = 0.00 sec. (2.13 ticks)
Probing fixed 16 vars, tightened 0 bounds.
Probing time = 0.01 sec. (25.69 ticks)
Tried aggregator 1 time.
Detecting symmetries...
MIP Presolve eliminated 32 rows and 16 columns.
Reduced MIP has 604 rows, 264 columns, and 2213 nonzeros.
Reduced MIP has 257 binaries, 7 generals, 0 SOSs, and 0 indicators.
Presolve time = 0.00 sec. (2.20 ticks)
Probing time = 0.00 sec. (2.95 ticks)
Clique table members: 1331.
MIP emphasis: balance optimality and feasibility.
MIP search method: dynamic search.
Parallel mode: deterministic, using up to 4 threads.
Root relaxation solution time = 0.01 sec. (1.76 ticks)

        Nodes                                         Cuts/
   Node  Left     Objective  IInf  Best Integer    Best Bound    ItCnt     Gap

      0     0        6.0000    28                      6.0000       80         
      0     0        6.0000    22                    Cuts: 18       98         
      0     0        6.0000    18                    Cuts: 26      117         
      0     0        6.0000    21                    Cuts: 16      146         
      0     0        6.0000    17                    Cuts: 11      164         
      0     0        6.0000    17                    Cuts: 14      168         
Detecting symmetries...
Detecting symmetries...
      0     2        6.0000    14                      6.0000      168         
Elapsed time = 0.06 sec. (87.96 ticks, tree = 0.02 MB, solutions = 0)
*   166    32      integral     0        8.0000        6.0000      962   25.00%
  26437  8783    infeasible              9.0000        7.0000   170193   22.22%
   3651  1555    infeasible              8.0000        6.0000    19794   25.00%

Performing restart 1

Repeating presolve.
Tried aggregator 1 time.
MIP Presolve eliminated 122 rows and 57 columns.
Reduced MIP has 482 rows, 207 columns, and 1706 nonzeros.
Reduced MIP has 201 binaries, 6 generals, 0 SOSs, and 0 indicators.
Presolve time = 0.00 sec. (1.05 ticks)
Tried aggregator 1 time.
MIP Presolve eliminated 12 rows and 6 columns.
Reduced MIP has 470 rows, 201 columns, and 1664 nonzeros.
Reduced MIP has 195 binaries, 6 generals, 0 SOSs, and 0 indicators.
Presolve time = 0.00 sec. (0.95 ticks)
Tried aggregator 1 time.
Reduced MIP has 470 rows, 201 columns, and 1664 nonzeros.
Reduced MIP has 195 binaries, 6 generals, 0 SOSs, and 0 indicators.
Presolve time = 0.00 sec. (1.16 ticks)
Represolve time = 0.01 sec. (10.99 ticks)
   4944     0        6.0000    25        8.0000      Cuts: 49    30198   25.00%
   4944     0        6.0000    17        8.0000      Cuts: 46    30221   25.00%
   4944     0        6.0000    20        8.0000      Cuts: 48    30236   25.00%
   4944     0        6.0000    18        8.0000      Cuts: 31    30263   25.00%
   4944     0        6.0000    17        8.0000      Cuts: 34    30288   25.00%
   4944     0        6.0000    25        8.0000      Cuts: 50    30309   25.00%
   4944     2        6.0000    21        8.0000        6.0000    30309   25.00%

Performing restart 2

Repeating presolve.
Tried aggregator 1 time.
MIP Presolve eliminated 1126 rows and 478 columns.
MIP Presolve modified 11 coefficients.
Reduced MIP has 1922 rows, 530 columns, and 8316 nonzeros.
Reduced MIP has 509 binaries, 21 generals, 0 SOSs, and 0 indicators.
Presolve time = 0.01 sec. (12.25 ticks)
Tried aggregator 1 time.
MIP Presolve eliminated 54 rows and 14 columns.
MIP Presolve modified 45 coefficients.
Reduced MIP has 1868 rows, 516 columns, and 7992 nonzeros.
Reduced MIP has 495 binaries, 21 generals, 0 SOSs, and 0 indicators.
Presolve time = 0.00 sec. (5.83 ticks)
Tried aggregator 1 time.
MIP Presolve eliminated 4 rows and 0 columns.
MIP Presolve modified 42 coefficients.
Reduced MIP has 1864 rows, 516 columns, and 7978 nonzeros.
Reduced MIP has 495 binaries, 21 generals, 0 SOSs, and 0 indicators.
Presolve time = 0.00 sec. (6.71 ticks)
Represolve time = 0.07 sec. (140.35 ticks)
   6201   393        7.0000    12        8.0000        6.0000    37106   25.00%
  27493     0        7.0000    49        9.0000      Cuts: 23   184710   22.22%
   7797   820        7.0000    18        8.0000        6.0000    50064   25.00%
  27493     0        7.0000    51        9.0000      Cuts: 56   184743   22.22%
  27493     0        7.0000    40        9.0000       Cuts: 6   184763   22.22%
  27493     0        7.0000    43        9.0000     Cuts: 113   184815   22.22%
  27493     0        7.0000    32        9.0000      Cuts: 11   184829   22.22%
  27493     0        7.0000    36        9.0000     Cuts: 120   184866   22.22%
  27493     0        7.0000    61        9.0000      Cuts: 70   184929   22.22%
  10576  1690        7.0000    15        8.0000        6.0000    70313   25.00%
  27493     0        7.0000    33        9.0000      Cuts: 64   184956   22.22%
  27493     0        7.0000    40        9.0000      Cuts: 52   185000   22.22%
  27493     0        7.0000    34        9.0000      Cuts: 85   185045   22.22%
  14268  2912        6.0000    13        8.0000        6.0000    85781   25.00%
  27493     2        7.0000    34        9.0000        7.0000   185045   22.22%
  17255  3937        6.0000    13        8.0000        6.0000   102308   25.00%
  20122  5336    infeasible              8.0000        6.0000   123189   25.00%
  25307  6489        7.0000    11        8.0000        6.0000   136482   25.00%
  27629    29        7.0000    26        9.0000        7.0000   188720   22.22%
  27955    99        7.0000    26        9.0000        7.0000   194572   22.22%
  38467 11242        7.0000     8        8.0000        6.0000   202040   25.00%
Elapsed time = 2.69 sec. (3198.03 ticks, tree = 3.60 MB, solutions = 2)
  50773 17766    infeasible              8.0000        6.0000   279656   25.00%
  28275   162        8.0000    22        9.0000        7.0000   201982   22.22%
  64369 24528    infeasible              8.0000        6.0000   355277   25.00%
  28540   228        7.0295    59        9.0000        7.0000   209638   22.22%
  78527 29243        7.0000    10        8.0000        6.0000   432061   25.00%
  28856   388        7.0000    27        9.0000        7.0000   218519   22.22%
  89486 34597    infeasible              8.0000        6.0000   509718   25.00%
 104036 39233    infeasible              8.0000        6.0000   581374   25.00%
  29164   488        7.0000    30        9.0000        7.0000   225643   22.22%
 114808 45301        7.0000    11        8.0000        6.0000   670815   25.00%
 125522 49839        6.1098    16        8.0000        6.0000   745946   25.00%
  29453   590        7.0000    30        9.0000        7.0000   234893   22.22%
 139715 54359        7.0000    10        8.0000        6.0000   815537   25.00%
  29710   642        7.3000    27        9.0000        7.0000   242540   22.22%
Elapsed time = 26.45 sec. (33920.07 ticks, tree = 0.34 MB, solutions = 9)
  29996   724        7.0000    39        9.0000        7.0000   252414   22.22%
 151752 62262    infeasible              8.0000        6.0000   912157   25.00%
  30323   878        8.0000    20        9.0000        7.0000   262521   22.22%
  30600   959        8.0000    22        9.0000        7.0000   273281   22.22%
 160631 65868        7.0000    12        8.0000        6.0000   966378   25.00%
Elapsed time = 9.74 sec. (12735.32 ticks, tree = 20.48 MB, solutions = 2)
  30865  1055        8.0000    25        9.0000        7.0000   282784   22.22%
 171495 70558        7.0000     6        8.0000        6.0000  1046148   25.00%
  31261  1197        8.0000    27        9.0000        7.0000   293048   22.22%
 182760 75071        7.0000    11        8.0000        6.0000  1118453   25.00%
 194690 79956        7.0000    10        8.0000        6.0000  1196834   25.00%
  31582  1381    infeasible              9.0000        7.0000   302006   22.22%
 204623 84816        7.0000    21        8.0000        6.0000  1262322   25.00%
  31916  1469        7.0000    36        9.0000        7.0000   312919   22.22%
 215630 89854        7.0000    17        8.0000        6.0000  1334963   25.00%
  32228  1585        8.0000    30        9.0000        7.0000   323051   22.22%
 226218 93995        7.0000     8        8.0000        6.0000  1420957   25.00%
  32549  1659        7.0000    26        9.0000        7.0000   334002   22.22%
  32922  1836        8.0000    34        9.0000        7.0000   344617   22.22%
Elapsed time = 33.19 sec. (43477.01 ticks, tree = 1.01 MB, solutions = 9)
 236896 97880        7.0000    10        8.0000        6.0061  1505242   24.92%
  33447  1982        8.0000    30        9.0000        7.0000   353049   22.22%
  33965  2127        7.0000    26        9.0000        7.0000   366672   22.22%
 249213 101907        7.0000     9        8.0000        6.0248  1572183   24.69%
  34334  2252        7.0000    29        9.0000        7.0000   379509   22.22%
  34699  2421        8.0000    24        9.0000        7.0000   395208   22.22%
 261610 105140        7.0000     8        8.0000        6.0488  1639627   24.39%
  35270  2504        7.0000    34        9.0000        7.0000   410091   22.22%
 274559 106789        7.0000    10        8.0000        6.0930  1694142   23.84%
Elapsed time = 17.68 sec. (22274.00 ticks, tree = 34.83 MB, solutions = 2)
  35995  2668        8.0000    30        9.0000        7.0000   432303   22.22%
  36609  2798        8.0000    39        9.0000        7.0000   451274   22.22%
  37145  2923        7.0000    26        9.0000        7.0000   460445   22.22%
 285472 109956        7.0000    18        8.0000        6.2514  1773288   21.86%
  37483  3034        8.0000    20        9.0000        7.0000   474199   22.22%
 299006 113013    infeasible              8.0000        6.8095  1845373   14.88%
  37949  3182    infeasible              9.0000        7.0000   492038   22.22%
Elapsed time = 38.30 sec. (53047.22 ticks, tree = 1.79 MB, solutions = 9)
  38383  3309        7.0000    32        9.0000        7.0000   499912   22.22%
 320828 101136    infeasible              8.0000        7.0000  1901961   12.50%
  38759  3501        cutoff              9.0000        7.0000   513208   22.22%
  39098  3656        7.0000    24        9.0000        7.0000   523067   22.22%
  39437  3767        8.0000    26        9.0000        7.0000   534711   22.22%
 342658 88422        7.0000     8        8.0000        7.0000  1962183   12.50%
  39831  3849        7.0011    59        9.0000        7.0000   549766   22.22%
  40242  3932        8.0000    26        9.0000        7.0000   557081   22.22%
 361162 79802    infeasible              8.0000        7.0000  2033333   12.50%
  40660  4062        8.0000    32        9.0000        7.0000   568272   22.22%
  41371  4198    infeasible              9.0000        7.0000   584438   22.22%
 376990 71257    infeasible              8.0000        7.0000  2105613   12.50%
  42050  4381        7.0000    34        9.0000        7.0000   601573   22.22%
  42840  4640        7.0073    42        9.0000        7.0000   627116   22.22%
Elapsed time = 43.37 sec. (62612.61 ticks, tree = 2.69 MB, solutions = 9)
 396953 63084    infeasible              8.0000        7.0000  2174342   12.50%
  43354  4823        8.0000    25        9.0000        7.0000   644264   22.22%
  43740  4941        8.0000    26        9.0000        7.0000   655582   22.22%
 412689 57803        7.0000     8        8.0000        7.0000  2241245   12.50%
  44116  5086        8.0000    27        9.0000        7.0000   670197   22.22%
  44500  5154        8.0000    30        9.0000        7.0000   678531   22.22%
 428721 52346    infeasible              8.0000        7.0000  2304963   12.50%
  45273  5304        7.0000    28        9.0000        7.0000   695858   22.22%
  45851  5406        7.0000    29        9.0000        7.0000   711563   22.22%
 444109 47295    infeasible              8.0000        7.0000  2372878   12.50%
Elapsed time = 28.35 sec. (31813.12 ticks, tree = 18.35 MB, solutions = 2)
  46234  5600        8.0000    31        9.0000        7.0000   730260   22.22%
  46609  5672    infeasible              9.0000        7.0000   739954   22.22%
  46909  5876        8.0000    26        9.0000        7.0000   760167   22.22%
 460257 41817    infeasible              8.0000        7.0000  2442407   12.50%
  47340  5924        7.0000    30        9.0000        7.0000   765435   22.22%
Elapsed time = 48.48 sec. (72159.11 ticks, tree = 3.36 MB, solutions = 9)
  47600  6036        8.0000    26        9.0000        7.0000   774034   22.22%
 476600 36786    infeasible              8.0000        7.0000  2517482   12.50%
  47906  6114        8.0000    28        9.0000        7.0000   785957   22.22%
  48329  6193        8.0000    32        9.0000        7.0000   798082   22.22%
 495074 33603    infeasible              8.0000        7.0000  2577124   12.50%
  48613  6256        7.0000    33        9.0000        7.0000   807530   22.22%
  49015  6355        7.0956    32        9.0000        7.0000   816615   22.22%
 510128 29330        7.0000     9        8.0000        7.0000  2651386   12.50%
  49451  6429        7.0000    33        9.0000        7.0000   829837   22.22%
  49824  6582        8.0000    28        9.0000        7.0000   849448   22.22%
 521585 25831        7.0000     8        8.0000        7.0000  2727846   12.50%
  50240  6663        7.0000    33        9.0000        7.0000   859144   22.22%
 542028 23622    infeasible              8.0000        7.0000  2780644   12.50%
  50558  6757        7.0213    34        9.0000        7.0000   873010   22.22%
 550863 20376        7.0000     9        8.0000        7.0000  2866760   12.50%
  50887  6836        8.0000    36        9.0000        7.0000   882083   22.22%
Elapsed time = 54.66 sec. (81766.30 ticks, tree = 3.84 MB, solutions = 9)
 565648 18676        7.0000    12        8.0000        7.0000  2919489   12.50%
  51257  6905        cutoff              9.0000        7.0000   891229   22.22%
 578253 16028        7.0000    10        8.0000        7.0000  2981973   12.50%
 592859 13990    infeasible              8.0000        7.0000  3064754   12.50%
Elapsed time = 37.81 sec. (41351.67 ticks, tree = 9.09 MB, solutions = 2)
  51680  6989        8.0000    24        9.0000        7.0000   905546   22.22%
 607645 12414        7.0000    16        8.0000        7.0000  3111850   12.50%
  52145  7131    infeasible              9.0000        7.0000   920883   22.22%
 618952 10504        7.0000    15        8.0000        7.0000  3186203   12.50%
  52500  7271        8.0000    30        9.0000        7.0000   933011   22.22%
  52780  7440        8.0000    36        9.0000        7.0000   948874   22.22%
 633645  8769        7.0000    11        8.0000        7.0000  3239561   12.50%
  53177  7408        8.0000    20        9.0000        7.0000   949443   22.22%
  53563  7580        8.0000    26        9.0000        7.0000   959761   22.22%
  53970  7929        7.0000    30        9.0000        7.0000   971113   22.22%
 646745  7025    infeasible              8.0000        7.0000  3323034   12.50%
  54388  8047        7.0000    34        9.0000        7.0000   976274   22.22%
  54797  8355        7.0000    34        9.0000        7.0000   986335   22.22%
Elapsed time = 61.19 sec. (91324.49 ticks, tree = 4.67 MB, solutions = 9)
 660693  4721        7.0000    10        8.0000        7.0000  3387295   12.50%
  55204  8616        8.0000    28        9.0000        7.0000  1001975   22.22%
 673795  3203        7.0000    10        8.0000        7.0000  3455299   12.50%
  55648  8747        7.0000    30        9.0000        7.0000  1012019   22.22%
  56135  9097        7.0000    32        9.0000        7.0000  1029166   22.22%
 685553   696        7.0000     8        8.0000        7.0000  3527423   12.50%
  56608  9191    infeasible              9.0000        7.0000  1037071   22.22%

Clique cuts applied:  4
Cover cuts applied:  139
Implied bound cuts applied:  10
Flow cuts applied:  1
Mixed integer rounding cuts applied:  15
Zero-half cuts applied:  1

Root node processing (before b&c):
  Real time             =    0.06 sec. (87.85 ticks)
Parallel b&c, 4 threads:
  Real time             =   44.73 sec. (48383.03 ticks)
  Sync time (average)   =   11.52 sec.
  Wait time (average)   =    0.00 sec.
                          ------------
Total (root+branch&cut) =   44.79 sec. (48470.89 ticks)
tFEAS... [BinarySearch] Testing t = 7 in range [6, 8] ...   57114  9385        7.0000    31        9.0000        7.0000  1052527   22.22%
  57445  9589        7.0000    24        9.0000        7.0000  1069527   22.22%
  57876  9679        8.0000    37        9.0000        7.0000  1080064   22.22%
  58449  9789        7.0000    29        9.0000        7.0000  1088385   22.22%
* 58495  9900      integral     0        8.0000        7.0000  1093598   12.50%
* 58496   730      integral     0        7.0000        7.0000  1097702    0.00%
  58709  9950        7.0000    26        7.0000        7.0000  1100968    0.00%

GUB cover cuts applied:  7
Clique cuts applied:  3
Cover cuts applied:  18
Flow cuts applied:  12
Mixed integer rounding cuts applied:  5
Zero-half cuts applied:  1
Gomory fractional cuts applied:  7

Root node processing (before b&c):
  Real time             =    1.93 sec. (2445.94 ticks)
Parallel b&c, 4 threads:
  Real time             =   64.04 sec. (97670.27 ticks)
  Sync time (average)   =    9.02 sec.
  Wait time (average)   =    0.00 sec.
                          ------------
Total (root+branch&cut) =   65.97 sec. (100116.21 ticks)
FEAS... [BinarySearch] Testing t = 14 in range [7, 22] ... FEASIBLE
[BinarySearch] Testing t = 10 in range [7, 13] ... FEASIBLE
[BinarySearch] Testing t = 8 in range [7, 9] ... FEASIBLE
[BinarySearch] Testing t = 7 in range [7, 7] ... FEASIBLE
MAX... 
  tIP... Version identifier: 22.1.1.0 | 2022-11-28 | 9160aff4d
CPXPARAM_Threads                                 4
CPXPARAM_TimeLimit                               3600
Tried aggregator 1 time.
MIP Presolve eliminated 40 rows and 15 columns.
MIP Presolve modified 1782 coefficients.
Reduced MIP has 1543 rows, 687 columns, and 5833 nonzeros.
Reduced MIP has 679 binaries, 8 generals, 0 SOSs, and 0 indicators.
Presolve time = 0.00 sec. (4.95 ticks)
Probing fixed 38 vars, tightened 0 bounds.
Probing time = 0.04 sec. (113.20 ticks)
Tried aggregator 1 time.
Detecting symmetries...
MIP Presolve eliminated 76 rows and 38 columns.
Reduced MIP has 1467 rows, 649 columns, and 5525 nonzeros.
Reduced MIP has 641 binaries, 8 generals, 0 SOSs, and 0 indicators.
Presolve time = 0.00 sec. (6.25 ticks)
Probing time = 0.00 sec. (4.67 ticks)
Clique table members: 3191.
MIP emphasis: balance optimality and feasibility.
MIP search method: dynamic search.
Parallel mode: deterministic, using up to 4 threads.
Root relaxation solution time = 0.02 sec. (6.43 ticks)

        Nodes                                         Cuts/
   Node  Left     Objective  IInf  Best Integer    Best Bound    ItCnt     Gap

      0     0        7.0000   124                      7.0000      287         
      0     0        7.0000    32                  MIRcuts: 1      288         
      0     0        7.0000    48                    Cuts: 40      342         
      0     0        7.0000    35                     Cuts: 4      357         
      0     0        7.0000    37                    Cuts: 30      381         
Detecting symmetries...
      0     2        7.0000    28                      7.0000      381         
Elapsed time = 0.21 sec. (318.30 ticks, tree = 0.02 MB, solutions = 0)
   1150   457        8.0000    32                      7.0000    10651         
   2524  1115        9.0000    28                      7.0000    22659         
   3746  1800        9.0000    29                      7.0000    35530         

Performing restart 1

Repeating presolve.
Tried aggregator 1 time.
Reduced MIP has 1467 rows, 649 columns, and 5525 nonzeros.
Reduced MIP has 641 binaries, 8 generals, 0 SOSs, and 0 indicators.
Presolve time = 0.00 sec. (2.95 ticks)
Tried aggregator 1 time.
Reduced MIP has 1467 rows, 649 columns, and 5525 nonzeros.
Reduced MIP has 641 binaries, 8 generals, 0 SOSs, and 0 indicators.
Presolve time = 0.00 sec. (3.70 ticks)
Represolve time = 0.02 sec. (47.56 ticks)
   3788     0        7.0000    50                    Cuts: 32    37243         
   3788     0        7.0000    56                   Cuts: 312    37319         
   3788     0        7.0000    34                    Cuts: 11    37347         
   3788     0        7.0000    53                   Cuts: 216    37402         
   3788     0        7.0000    42                    Cuts: 55    37440         
   3788     0        7.0000    39                   Cuts: 189    37479         
   3788     0        7.0000    50                   Cuts: 179    37528         
   3788     2        7.0000    27                      7.0000    37528         
   3990    80        7.0000    31                      7.0000    39294         
   4735   482        9.0000    28                      7.0000    43185         
   5715   966        8.0000    24                      7.0000    48669         
   6655  1586        7.0000    27                      7.0000    53526         
   7417  2152        7.0000    30                      7.0000    58833         
  10764  4564        8.0000    30                      7.0000    79959         
Elapsed time = 2.61 sec. (3704.37 ticks, tree = 2.80 MB, solutions = 0)

Performing restart 2

Repeating presolve.
Tried aggregator 1 time.
MIP Presolve eliminated 4 rows and 0 columns.
Reduced MIP has 1463 rows, 649 columns, and 7548 nonzeros.
Reduced MIP has 641 binaries, 8 generals, 0 SOSs, and 0 indicators.
Presolve time = 0.00 sec. (4.45 ticks)
Tried aggregator 1 time.
Reduced MIP has 1463 rows, 649 columns, and 7548 nonzeros.
Reduced MIP has 641 binaries, 8 generals, 0 SOSs, and 0 indicators.
Presolve time = 0.00 sec. (5.08 ticks)
Represolve time = 0.03 sec. (55.26 ticks)
  10858     0        7.0000    45                    Cuts: 44    83480         
  10858     0        7.0000    46                    Cuts: 98    83541         
  10858     0        7.0000    42                    Cuts: 16    83576         
  10858     0        7.0000    44                   Cuts: 326    83628         
  10858     0        7.0000    30                   Cuts: 109    83661         
  10858     0        7.0000    36                   Cuts: 157    83704         
  10858     0        7.0000    36                   Cuts: 141    83746         
  10858     0        7.0000    41                   Cuts: 207    83794         
  10858     0        7.0000    45                     Cuts: 5    83821         
  10861     5        7.0000    34                      7.0000    83852         
  11154    77        8.0000    22                      7.0000    93719         
  11616   255        9.0000    22                      7.0000   104876         
  12278   464        8.0000    36                      7.0000   116330         
  12937   836        7.0000    40                      7.0000   137766         
  13650  1267        8.0000    27                      7.0000   153904         
  14106  1505        8.0000    22                      7.0000   169506         
  14659  1848        8.0000    14                      7.0000   185727         
  15338  2112        7.0000    27                      7.0000   199774         
INFEASIBLE
[BinarySearch] Testing t = 8 in range [8, 8] ...   16017  2608        7.0000    27                      7.0000   218381         
Elapsed time = 11.20 sec. (13259.52 ticks, tree = 1.56 MB, solutions = 0)
FEASIBLE
tMAX... 
[4/229] Solving drand-10-200-1.txt ... 
  nIP... Version identifier: 22.1.1.0 | 2022-11-28 | 9160aff4d
CPXPARAM_Threads                                 4
CPXPARAM_TimeLimit                               3600
Tried aggregator 1 time.
MIP Presolve eliminated 14 rows and 6 columns.
MIP Presolve modified 950 coefficients.
Reduced MIP has 829 rows, 372 columns, and 3138 nonzeros.
Reduced MIP has 364 binaries, 8 generals, 0 SOSs, and 0 indicators.
Presolve time = 0.00 sec. (2.79 ticks)
Probing fixed 9 vars, tightened 0 bounds.
Probing time = 0.01 sec. (14.46 ticks)
Tried aggregator 1 time.
Detecting symmetries...
MIP Presolve eliminated 17 rows and 9 columns.
MIP Presolve modified 22 coefficients.
Reduced MIP has 812 rows, 363 columns, and 3077 nonzeros.
Reduced MIP has 355 binaries, 8 generals, 0 SOSs, and 0 indicators.
Presolve time = 0.00 sec. (2.10 ticks)
Probing time = 0.00 sec. (3.55 ticks)
Clique table members: 1719.
MIP emphasis: balance optimality and feasibility.
MIP search method: dynamic search.
Parallel mode: deterministic, using up to 4 threads.
Root relaxation solution time = 0.02 sec. (2.22 ticks)

        Nodes                                         Cuts/
   Node  Left     Objective  IInf  Best Integer    Best Bound    ItCnt     Gap

      0     0        5.0000    33                      5.0000      132         
      0     0        5.0000    16                    Cuts: 17      178         
      0     0        5.0000    22                    Cuts: 39      205         
      0     0        5.0000    19                    Cuts: 30      224         
      0     0        5.0000    23                    Cuts: 29      255         
Detecting symmetries...
      0     2        5.0000    14                      5.0000      255         
Elapsed time = 0.12 sec. (134.48 ticks, tree = 0.02 MB, solutions = 0)
*   287   118      integral     0        9.0000        5.0000     2776   44.44%
   2712  1977        5.0000    12        9.0000        5.0000    14739   44.44%

Performing restart 1

Repeating presolve.
Tried aggregator 1 time.
MIP Presolve eliminated 155 rows and 73 columns.
Reduced MIP has 657 rows, 290 columns, and 2424 nonzeros.
Reduced MIP has 283 binaries, 7 generals, 0 SOSs, and 0 indicators.
Presolve time = 0.00 sec. (1.49 ticks)
Tried aggregator 1 time.
MIP Presolve eliminated 17 rows and 9 columns.
MIP Presolve modified 22 coefficients.
Reduced MIP has 640 rows, 281 columns, and 2363 nonzeros.
Reduced MIP has 274 binaries, 7 generals, 0 SOSs, and 0 indicators.
Presolve time = 0.00 sec. (1.36 ticks)
Tried aggregator 1 time.
MIP Presolve modified 2 coefficients.
Reduced MIP has 640 rows, 281 columns, and 2363 nonzeros.
Reduced MIP has 274 binaries, 7 generals, 0 SOSs, and 0 indicators.
Presolve time = 0.00 sec. (1.65 ticks)
Represolve time = 0.01 sec. (20.21 ticks)
   2776     0        5.0000    14        9.0000      Fract: 1    15616   44.44%
   2776     0        5.0000    15        9.0000      Cuts: 68    15651   44.44%
   2776     0        5.0000    23        9.0000      Cuts: 78    15678   44.44%
   2776     0        5.0000    25        9.0000     Covers: 1    15686   44.44%
   2776     0        5.0000    26        9.0000      Cuts: 53    15738   44.44%
  16641  3037        9.0000    23                      7.0000   233530         
   2863    27        6.0000    21        9.0000        5.0000    16301   44.44%
   3904   652        6.0000    22        9.0000        5.0000    20208   44.44%
  17157  3363        8.0000    26                      7.0000   250273         
   4796  1456        7.0000    19        9.0000        5.0000    25579   44.44%
   6793  2558        8.0000    15        9.0000        5.0000    32679   44.44%
   9418  5027    infeasible              9.0000        5.0000    47525   44.44%
  17931  3693        8.0000    27                      7.0000   266287         
  12150  6990        5.0000    17        9.0000        5.0000    62316   44.44%
  16032  9237        8.0000    12        9.0000        5.0000    77013   44.44%
  18766  4287        8.0000    12                      7.0000   283765         
  17766 11434        8.0000    13        9.0000        5.0000    91525   44.44%
  19675  4838        8.0000    24                      7.0000   303456         
* 28138+19661                            8.0000        5.0000            37.50%
  20476  5403        8.0000    24                      7.0000   322271         

Performing restart 2

Repeating presolve.
Tried aggregator 1 time.
MIP Presolve eliminated 72 rows and 62 columns.
MIP Presolve modified 41 coefficients.
Reduced MIP has 568 rows, 219 columns, and 2829 nonzeros.
Reduced MIP has 212 binaries, 7 generals, 0 SOSs, and 0 indicators.
Presolve time = 0.00 sec. (3.00 ticks)
Tried aggregator 1 time.
MIP Presolve eliminated 26 rows and 9 columns.
MIP Presolve modified 72 coefficients.
Reduced MIP has 542 rows, 210 columns, and 2646 nonzeros.
Reduced MIP has 203 binaries, 7 generals, 0 SOSs, and 0 indicators.
Presolve time = 0.00 sec. (2.19 ticks)
Tried aggregator 1 time.
MIP Presolve eliminated 6 rows and 2 columns.
MIP Presolve modified 37 coefficients.
Reduced MIP has 536 rows, 208 columns, and 2600 nonzeros.
Reduced MIP has 201 binaries, 7 generals, 0 SOSs, and 0 indicators.
Presolve time = 0.00 sec. (2.73 ticks)
Represolve time = 0.02 sec. (20.02 ticks)
  29864     0        5.0000    16        8.0000      Cuts: 49   162653   37.50%
  29864     0        5.0000    17        8.0000     Cuts: 104   162681   37.50%
  29864     0        5.0000    14        8.0000    Cliques: 3   162688   37.50%
  29864     0        5.0000    23        8.0000      Cuts: 39   162719   37.50%
  29864     0        5.0000    22        8.0000      Cuts: 18   162740   37.50%
  29864     0        5.0000    27        8.0000      Cuts: 81   162772   37.50%
  29864     0        5.0000    17        8.0000      Cuts: 27   162800   37.50%
  29864     0        5.0000    12        8.0000      Cuts: 54   162836   37.50%
  29864     0        5.0000    19        8.0000      Cuts: 34   162861   37.50%
  29864     2        5.0000    15        8.0000        5.0000   162861   37.50%
Elapsed time = 3.40 sec. (3463.02 ticks, tree = 0.02 MB, solutions = 2)
  21338  6000        8.0000    38                      7.0000   341643         
  32958  2267        7.0000     6        8.0000        5.0000   195405   37.50%
  37994  5880    infeasible              8.0000        5.0000   244640   37.50%
  22123  6623        9.0000    30                      7.0000   359113         
  22852  7219        8.0000    27                      7.0000   381597         
  42516  8968    infeasible              8.0000        5.0000   291309   37.50%
  23628  7661        8.0363    23                      7.0000   397042         
Elapsed time = 17.40 sec. (22808.53 ticks, tree = 5.28 MB, solutions = 0)
  47307 12869        6.0000    12        8.0000        5.0000   346651   37.50%
  24271  8121        8.0000    22                      7.0000   418512         
  52336 16028        7.0000    14        8.0000        5.5095   398227   31.13%
  25046  8515        7.0000    30                      7.0000   436899         
  26004  9054        9.0000    22                      7.0000   457251         
  57514 17888        7.0000    10        8.0000        6.0000   462457   25.00%
  26653  9717        8.0000    38                      7.0000   482361         
* 26710  9756      integral     0        9.0000        7.0000   484466   22.22%
  27243  5824        7.1185    46        9.0000        7.0000   506849   22.22%
  62767 19493        7.0000    10        8.0000        6.0000   532495   25.00%
  27819  6097        7.0000    25        9.0000        7.0000   517562   22.22%
  28279  6242        8.0000    26        9.0000        7.0000   529460   22.22%
  68269 20917        6.0139    25        8.0000        6.0000   601325   25.00%
  28753  6402        8.0000    35        9.0000        7.0000   548041   22.22%
  29330  6682        7.0000    26        9.0000        7.0000   569954   22.22%
  73424 22689        7.0000     9        8.0000        6.0000   676008   25.00%
  30022  6967        7.0000    26        9.0000        7.0000   587742   22.22%
Elapsed time = 22.74 sec. (32363.22 ticks, tree = 5.00 MB, solutions = 1)
  78501 24510    infeasible              8.0000        6.0000   746891   25.00%
Elapsed time = 11.94 sec. (13002.70 ticks, tree = 8.04 MB, solutions = 2)
  30713  7249        8.0000    39        9.0000        7.0000   602160   22.22%
  31234  7584        7.1185    47        9.0000        7.0000   621228   22.22%
  83551 26090        7.0000    10        8.0000        6.0000   807512   25.00%
  31917  7832        8.0000    30        9.0000        7.0000   634950   22.22%
  32553  8294        8.0000    35        9.0000        7.0000   662098   22.22%
  88707 27914    infeasible              8.0000        6.0000   882574   25.00%
  33235  8673        8.0000    22        9.0000        7.0000   683172   22.22%
  33816  8833    infeasible              9.0000        7.0000   698191   22.22%
  93852 29705        7.0000    24        8.0000        6.0000   951344   25.00%
  34428  9079        7.0249    44        9.0000        7.0000   717406   22.22%
  35046  9348        8.0000    28        9.0000        7.0000   734671   22.22%
  35728  9722        8.0000    31        9.0000        7.0000   757234   22.22%
  99161 31472        7.0000    20        8.0000        6.0000  1015891   25.00%
  36305 10004        7.0000    28        9.0000        7.0000   772623   22.22%
Elapsed time = 27.47 sec. (41919.74 ticks, tree = 6.62 MB, solutions = 1)
 104741 34017        7.0000    10        8.0000        6.0000  1098078   25.00%
  37024 10249        7.0000    32        9.0000        7.0000   788142   22.22%
  37821 10668        8.0000    24        9.0000        7.0000   810027   22.22%
  38574 10894        7.0000    40        9.0000        7.0000   826316   22.22%
 109988 36016        7.0000     8        8.0000        6.0000  1165924   25.00%
  39170 11147        7.0000    41        9.0000        7.0000   845610   22.22%
 115330 37875    infeasible              8.0000        6.0000  1234183   25.00%
  39832 11570        8.0000    36        9.0000        7.0000   870588   22.22%
  40525 11810        7.0462    42        9.0000        7.0000   888646   22.22%
 120562 39812        6.3381    21        8.0000        6.0000  1310306   25.00%
  41288 12231        7.0000    30        9.0000        7.0000   912862   22.22%
  41943 12371        7.0000    32        9.0000        7.0000   923774   22.22%
 125602 41401    infeasible              8.0000        6.0000  1367726   25.00%
  42625 12915        8.0000    28        9.0000        7.0000   947762   22.22%
  43276 13134        8.0000    26        9.0000        7.0000   963124   22.22%
Elapsed time = 32.52 sec. (51469.35 ticks, tree = 8.62 MB, solutions = 1)
 130630 43213        7.0000     8        8.0000        6.0000  1443144   25.00%
Elapsed time = 21.48 sec. (22541.74 ticks, tree = 14.74 MB, solutions = 2)
  43907 13388        7.0000    31        9.0000        7.0000   984468   22.22%
 135882 44617    infeasible              8.0000        6.0000  1500285   25.00%
* 44033+13462                            8.0000        7.0000            12.50%
  44508  1569        7.0000    41        8.0000        7.0000   996881   12.50%
 140773 46956        7.0000    12        8.0000        6.0000  1577180   25.00%
  45153  1607    infeasible              8.0000        7.0000  1018157   12.50%
 145643 48704        7.0000    10        8.0000        6.0000  1637540   25.00%
  45768  1708    infeasible              8.0000        7.0000  1047531   12.50%
  46463  1736        7.0000    35        8.0000        7.0000  1057974   12.50%
 150706 50758        7.0000    10        8.0000        6.0000  1709344   25.00%
  47249  1650    infeasible              8.0000        7.0000  1088601   12.50%
 155833 52649        7.0000     8        8.0000        6.0000  1780720   25.00%
  47884  1652    infeasible              8.0000        7.0000  1104227   12.50%
  48570  1632        7.0000    28        8.0000        7.0000  1134857   12.50%
  49275  1520        7.0000    28        8.0000        7.0000  1157178   12.50%
 160893 54453    infeasible              8.0000        6.0000  1847286   25.00%
  50061  1469        7.0000    38        8.0000        7.0000  1169690   12.50%
Elapsed time = 38.79 sec. (61026.15 ticks, tree = 1.45 MB, solutions = 2)
  50964  1330        7.0000    31        8.0000        7.0000  1186165   12.50%
 166416 56467        6.0000    18        8.0000        6.0000  1916425   25.00%
  51688  1159        7.0000    19        8.0000        7.0000  1213083   12.50%
 171351 58474        7.0000    20        8.0000        6.0000  1985198   25.00%
  52728  1060        7.0000    30        8.0000        7.0000  1238873   12.50%
 175951 60208        7.0000     9        8.0000        6.0000  2045636   25.00%
  53717  1240        7.0000    29        8.0000        7.0000  1267199   12.50%
  54598  1269        7.0000    40        8.0000        7.0000  1281358   12.50%
 180952 62521        7.0000    12        8.0000        6.0000  2116943   25.00%
Elapsed time = 30.74 sec. (32080.00 ticks, tree = 20.25 MB, solutions = 2)
  55527  1283    infeasible              8.0000        7.0000  1314953   12.50%
  56421  1368    infeasible              8.0000        7.0000  1332062   12.50%
 185710 64016        7.0000     8        8.0000        6.0000  2170279   25.00%
* 57164  1245      integral     0        7.0000        7.0000  1356503    0.00%
  57275  1428    infeasible              7.0000        7.0000  1360593    0.00%

GUB cover cuts applied:  5
Clique cuts applied:  1
Cover cuts applied:  27
Implied bound cuts applied:  3
Flow cuts applied:  2
Mixed integer rounding cuts applied:  1
Zero-half cuts applied:  3
Gomory fractional cuts applied:  5

Root node processing (before b&c):
  Real time             =    0.21 sec. (317.77 ticks)
Parallel b&c, 4 threads:
  Real time             =   43.27 sec. (68798.05 ticks)
  Sync time (average)   =    6.49 sec.
  Wait time (average)   =    0.00 sec.
                          ------------
Total (root+branch&cut) =   43.48 sec. (69115.82 ticks)
tFEAS... [BinarySearch] Testing t = 8 in range [7, 9] ...  190557 66303        7.0000     6        8.0000        6.0000  2241080   25.00%
 195265 68240        7.0000    14        8.0000        6.0000  2301766   25.00%
FEASIBLE
[BinarySearch] Testing t = 7 in range [7, 7] ...  199978 70507        7.0000     9        8.0000        6.0000  2370457   25.00%
 204384 71990        7.0000     8        8.0000        6.0000  2420380   25.00%
 209679 74212        7.0000    12        8.0000        6.0000  2491080   25.00%
 214648 76298        7.0000    10        8.0000        6.0000  2552153   25.00%
 218999 78405        6.2168    25        8.0000        6.0000  2626567   25.00%
 223037 79944        7.0000     8        8.0000        6.0000  2686825   25.00%
 227352 81758        7.0000    14        8.0000        6.0000  2750161   25.00%
Elapsed time = 37.07 sec. (41619.49 ticks, tree = 28.60 MB, solutions = 2)
 232554 82999        7.0000     7        8.0000        6.0000  2825804   25.00%
 237441 83964        7.0000     8        8.0000        6.1061  2907139   23.67%
 243343 84199    infeasible              8.0000        6.8226  2962396   14.72%
 250221 80904    infeasible              8.0000        7.0000  3046730   12.50%
 257210 78369        7.0000     8        8.0000        7.0000  3113880   12.50%
 263860 75428        7.0000    12        8.0000        7.0000  3191116   12.50%
 271153 72204    infeasible              8.0000        7.0000  3270123   12.50%
 278131 69122        7.0000    15        8.0000        7.0000  3351862   12.50%
 284439 66565        7.0000    10        8.0000        7.0000  3431955   12.50%
 290954 64418    infeasible              8.0000        7.0000  3501377   12.50%
Elapsed time = 45.27 sec. (51158.17 ticks, tree = 23.63 MB, solutions = 2)
 297253 61928    infeasible              8.0000        7.0000  3577051   12.50%
 303813 59472    infeasible              8.0000        7.0000  3656675   12.50%
 310163 56692        7.0000     8        8.0000        7.0000  3748161   12.50%
 316334 54121        7.0000    15        8.0000        7.0000  3827669   12.50%
FEASIBLE
tMAX... 
[5/229] Solving full-7-30-4.txt ... 
  nIP... Version identifier: 22.1.1.0 | 2022-11-28 | 9160aff4d
CPXPARAM_Threads                                 4
CPXPARAM_TimeLimit                               3600
Tried aggregator 1 time.
MIP Presolve eliminated 58 rows and 23 columns.
MIP Presolve modified 2163 coefficients.
Reduced MIP has 1888 rows, 852 columns, and 7297 nonzeros.
Reduced MIP has 843 binaries, 9 generals, 0 SOSs, and 0 indicators.
Presolve time = 0.00 sec. (6.35 ticks)
 322886 51738        7.0000     9        8.0000        7.0000  3900178   12.50%
Probing fixed 47 vars, tightened 0 bounds.
Probing time = 0.09 sec. (225.60 ticks)
Tried aggregator 1 time.
Detecting symmetries...
MIP Presolve eliminated 94 rows and 47 columns.
Reduced MIP has 1794 rows, 805 columns, and 6906 nonzeros.
Reduced MIP has 796 binaries, 9 generals, 0 SOSs, and 0 indicators.
Presolve time = 0.00 sec. (7.65 ticks)
Probing time = 0.00 sec. (5.06 ticks)
Clique table members: 3940.
MIP emphasis: balance optimality and feasibility.
MIP search method: dynamic search.
Parallel mode: deterministic, using up to 4 threads.
Root relaxation solution time = 0.04 sec. (8.33 ticks)

        Nodes                                         Cuts/
   Node  Left     Objective  IInf  Best Integer    Best Bound    ItCnt     Gap

      0     0        7.0000   147                      7.0000      318         
      0     0        7.0000    32                     Cuts: 4      320         
      0     0        7.0000    37                    Cuts: 31      375         
      0     0        7.0000    30                     Cuts: 6      393         
      0     0        7.0000    36                    Cuts: 14      424         
Detecting symmetries...
      0     2        7.0000    36                      7.0000      424         
Elapsed time = 0.45 sec. (613.94 ticks, tree = 0.02 MB, solutions = 0)
    658   367       10.0000    16                      7.0000    13138         
 329688 49620        7.0000    17        8.0000        7.0000  3968851   12.50%
   1588   992       10.0000   122                      7.0000    27723         
   2451  1691       10.0000    38                      7.0000    43070         

Performing restart 1

Repeating presolve.
Tried aggregator 1 time.
Reduced MIP has 1794 rows, 805 columns, and 6906 nonzeros.
Reduced MIP has 796 binaries, 9 generals, 0 SOSs, and 0 indicators.
Presolve time = 0.00 sec. (3.61 ticks)
Tried aggregator 1 time.
MIP Presolve eliminated 36 rows and 18 columns.
Reduced MIP has 1758 rows, 787 columns, and 6744 nonzeros.
Reduced MIP has 778 binaries, 9 generals, 0 SOSs, and 0 indicators.
Presolve time = 0.00 sec. (6.06 ticks)
Tried aggregator 1 time.
Reduced MIP has 1758 rows, 787 columns, and 6744 nonzeros.
Reduced MIP has 778 binaries, 9 generals, 0 SOSs, and 0 indicators.
Presolve time = 0.00 sec. (4.43 ticks)
Represolve time = 0.10 sec. (241.35 ticks)
   2463     0        7.0000    42                     Cuts: 2    45914         
   2463     0        7.0000    48                   Cuts: 283    45960         
   2463     0        7.0000    28                     Cuts: 8    45979         
   2463     0        7.0000    47                   Cuts: 194    46015         
 336169 47229    infeasible              8.0000        7.0000  4057010   12.50%
   2463     0        7.0000    43                     Cuts: 2    46032         
   2463     0        7.0000    46                   Cuts: 114    46065         
   2463     2        7.0000    46                      7.0000    46065         
   2635    83        7.0000    31                      7.0000    48411         
   3126   405       10.0000    32                      7.0000    54268         
 342002 44996        7.0000    18        8.0000        7.0000  4150750   12.50%
   4205  1071    infeasible                            7.0000    60535         
   5039  1823       10.0000    22                      7.0000    67861         
 347501 43392    infeasible              8.0000        7.0000  4217093   12.50%
   5829  2410       10.0000    22                      7.0000    74661         
 353141 42048        7.0000    17        8.0000        7.0000  4280630   12.50%
Elapsed time = 51.53 sec. (60697.06 ticks, tree = 17.24 MB, solutions = 2)
*  8163  4365      integral     0       10.0000        7.0000    98466   30.00%
   8817  2215        8.0043    33       10.0000        7.0000   103342   30.00%
Elapsed time = 3.48 sec. (4465.60 ticks, tree = 1.75 MB, solutions = 1)
*  8923+ 2354                            9.0000        7.0000            22.22%
 358866 39976    infeasible              8.0000        7.0000  4366182   12.50%
   9834  1685        8.0000    33        9.0000        7.0000   115010   22.22%

Performing restart 2

Repeating presolve.
Tried aggregator 1 time.
MIP Presolve eliminated 399 rows and 282 columns.
Reduced MIP has 1359 rows, 505 columns, and 6388 nonzeros.
Reduced MIP has 496 binaries, 9 generals, 0 SOSs, and 0 indicators.
Presolve time = 0.00 sec. (5.40 ticks)
Tried aggregator 1 time.
MIP Presolve eliminated 29 rows and 15 columns.
Reduced MIP has 1330 rows, 490 columns, and 6171 nonzeros.
Reduced MIP has 481 binaries, 9 generals, 0 SOSs, and 0 indicators.
Presolve time = 0.00 sec. (3.43 ticks)
Tried aggregator 1 time.
Reduced MIP has 1330 rows, 490 columns, and 6171 nonzeros.
Reduced MIP has 481 binaries, 9 generals, 0 SOSs, and 0 indicators.
Presolve time = 0.00 sec. (3.92 ticks)
Represolve time = 0.03 sec. (68.98 ticks)
  10280     0        7.0000    38        9.0000      Cuts: 90   122296   22.22%
 364744 38117    infeasible              8.0000        7.0000  4443703   12.50%
  10280     0        7.0000    44        9.0000     Cuts: 128   122350   22.22%
  10280     0        7.0000    47        9.0000      Cuts: 50   122413   22.22%
  10280     0        7.0000    42        9.0000      Cuts: 95   122471   22.22%
  10280     0        7.0000    37        9.0000     Cuts: 116   122512   22.22%
  10280     0        7.0000    57        9.0000     Cuts: 129   122560   22.22%
  10280     0        7.0000    28        9.0000      Cuts: 30   122595   22.22%
  10280     0        7.0000    47        9.0000     Cuts: 163   122651   22.22%
  10280     0        7.0000    40        9.0000     Cuts: 178   122702   22.22%
  10280     0        7.0000    50        9.0000      Cuts: 75   122755   22.22%
  10327    19        7.0000    30        9.0000        7.0000   123377   22.22%
 370644 36072        7.0000     9        8.0000        7.0000  4538101   12.50%
* 10588+  122                            8.0000        7.0000            12.50%
 376658 34710        7.0000     8        8.0000        7.0000  4608261   12.50%
  10925   162        7.0000    32        8.0000        7.0000   133383   12.50%
 382499 32868        7.0000    10        8.0000        7.0000  4693078   12.50%
 387785 31262        7.0000    10        8.0000        7.0000  4777173   12.50%
  11822   278        7.0000    31        8.0000        7.0000   153775   12.50%
 393036 29977        7.0000    10        8.0000        7.0000  4839550   12.50%
  12685   373    infeasible              8.0000        7.0000   176093   12.50%
 398501 28360    infeasible              8.0000        7.0000  4925144   12.50%
 404374 27122        7.0000     8        8.0000        7.0000  4989754   12.50%
  13459   406        7.0000    27        8.0000        7.0000   199301   12.50%
 410229 25723        7.0000    13        8.0000        7.0000  5071288   12.50%
Elapsed time = 57.35 sec. (70236.10 ticks, tree = 12.59 MB, solutions = 2)
 416054 24125        7.0000    15        8.0000        7.0000  5147534   12.50%
  14375   399        7.0000    30        8.0000        7.0000   220031   12.50%
 421799 22729        7.0000    12        8.0000        7.0000  5220679   12.50%
* 15221+  369                            7.0000        7.0000             0.00%
 427548 20786        7.0000     9        8.0000        7.0000  5315308   12.50%
  15334   394    infeasible              7.0000        7.0000   247343    0.00%

Clique cuts applied:  3
Cover cuts applied:  13
Flow cuts applied:  1

Root node processing (before b&c):
  Real time             =    0.45 sec. (613.30 ticks)
Parallel b&c, 4 threads:
  Real time             =   10.26 sec. (11519.80 ticks)
  Sync time (average)   =    2.70 sec.
  Wait time (average)   =    0.00 sec.
                          ------------
Total (root+branch&cut) =   10.71 sec. (12133.10 ticks)
nFEAS... [BinarySearch] Testing t = 8 in range [7, 10] ...  433091 19576        7.0000     9        8.0000        7.0000  5388772   12.50%
 438484 18572    infeasible              8.0000        7.0000  5452546   12.50%
 443968 16887        7.0000     8        8.0000        7.0000  5545946   12.50%
 449597 15201        7.0000    18        8.0000        7.0000  5635950   12.50%
 455230 14302        7.0000    12        8.0000        7.0000  5685023   12.50%
 460748 12853        7.0000    13        8.0000        7.0000  5771562   12.50%
FEASIBLE
[BinarySearch] Testing t = 7 in range [7, 7] ...  465987 11808        7.0000    10        8.0000        7.0000  5832130   12.50%
Elapsed time = 62.96 sec. (79775.42 ticks, tree = 8.62 MB, solutions = 2)
 471287 10438    infeasible              8.0000        7.0000  5934729   12.50%
 476386  9686    infeasible              8.0000        7.0000  5989461   12.50%
 481839  8440        7.0000    21        8.0000        7.0000  6078011   12.50%
 487218  7531    infeasible              8.0000        7.0000  6138372   12.50%
 492352  6002    infeasible              8.0000        7.0000  6238238   12.50%
 497459  5267    infeasible              8.0000        7.0000  6298104   12.50%
 502266  4268        7.0000    10        8.0000        7.0000  6363705   12.50%
 506742  3290    infeasible              8.0000        7.0000  6453750   12.50%
 511214  2115    infeasible              8.0000        7.0000  6535640   12.50%

GUB cover cuts applied:  7
Clique cuts applied:  20
Cover cuts applied:  146
Implied bound cuts applied:  9
Flow cuts applied:  7
Mixed integer rounding cuts applied:  15
Zero-half cuts applied:  4
Gomory fractional cuts applied:  4

Root node processing (before b&c):
  Real time             =    0.12 sec. (134.28 ticks)
Parallel b&c, 4 threads:
  Real time             =   69.16 sec. (90436.06 ticks)
  Sync time (average)   =   11.17 sec.
  Wait time (average)   =    0.00 sec.
                          ------------
Total (root+branch&cut) =   69.28 sec. (90570.33 ticks)
nFEAS... [BinarySearch] Testing t = 7 in range [5, 9] ... FEASIBLE
nMAX... 
  IP... Version identifier: 22.1.1.0 | 2022-11-28 | 9160aff4d
CPXPARAM_Threads                                 4
CPXPARAM_TimeLimit                               3600
Tried aggregator 1 time.
MIP Presolve eliminated 149 rows and 61 columns.
MIP Presolve modified 11877 coefficients.
Reduced MIP has 9117 rows, 4372 columns, and 38615 nonzeros.
Reduced MIP has 4351 binaries, 21 generals, 0 SOSs, and 0 indicators.
Presolve time = 0.01 sec. (30.75 ticks)
Probing fixed 13 vars, tightened 0 bounds.
Probing time = 0.10 sec. (154.15 ticks)
Tried aggregator 1 time.
Detecting symmetries...
MIP Presolve eliminated 25 rows and 13 columns.
Reduced MIP has 9092 rows, 4359 columns, and 38524 nonzeros.
Reduced MIP has 4338 binaries, 21 generals, 0 SOSs, and 0 indicators.
Presolve time = 0.01 sec. (22.95 ticks)
Probing time = 0.01 sec. (14.43 ticks)
Clique table members: 19691.
MIP emphasis: balance optimality and feasibility.
MIP search method: dynamic search.
Parallel mode: deterministic, using up to 4 threads.
Root relaxation solution time = 0.09 sec. (40.66 ticks)

        Nodes                                         Cuts/
   Node  Left     Objective  IInf  Best Integer    Best Bound    ItCnt     Gap

      0     0        7.0000   160                      7.0000      694         
      0     0        7.0000    58                    Cuts: 37      754         
      0     0        7.0000    52                    Cuts: 82      798         
      0     0        7.0000    48                    Cuts: 27      835         
      0     0        7.0000    45                    Cuts: 24      857         
      0     0        7.0000    31                 Impl Bds: 3      866         
Detecting symmetries...
      0     0        7.0000    32                    Cuts: 60      916         
*     0+    0                           22.0000        7.0000            68.18%
Detecting symmetries...
      0     2        7.0000    29       22.0000        7.0000      916   68.18%
Elapsed time = 0.96 sec. (1684.89 ticks, tree = 0.02 MB, solutions = 1)
      4     3        7.0000    35       22.0000        7.0000      950   68.18%
    100    23        9.0000    44       22.0000        7.0000     2240   68.18%
*   110+   27                           18.0000        7.0000            61.11%
*   126    42      integral     0       17.0000        7.0000     3231   58.82%
    189    89        9.0000    29       17.0000        7.0000     6767   58.82%
    277   150       10.0000    30       17.0000        7.0000     9691   58.82%
    468   241    infeasible             17.0000        7.0000    11661   58.82%
*   573+  365                           16.0000        7.0000            56.25%
    679   391        7.0000    36       16.0000        7.0000    15193   56.25%
    738   519        9.0000    24       16.0000        7.0000    18807   56.25%
    922   573       10.0000    36       16.0000        7.0000    20566   56.25%
   1142   809       13.0000    25       16.0000        7.0000    25893   56.25%
*  1552+  885                           14.0000        7.0000            50.00%
   1768   999       10.0000    31       14.0000        7.0000    33423   50.00%
Elapsed time = 2.58 sec. (5626.24 ticks, tree = 20.25 MB, solutions = 5)

Performing restart 1

Repeating presolve.
Tried aggregator 1 time.
MIP Presolve eliminated 5395 rows and 2635 columns.
Reduced MIP has 3697 rows, 1724 columns, and 15021 nonzeros.
Reduced MIP has 1711 binaries, 13 generals, 0 SOSs, and 0 indicators.
Presolve time = 0.01 sec. (11.64 ticks)
Tried aggregator 1 time.
MIP Presolve eliminated 271 rows and 135 columns.
Reduced MIP has 3426 rows, 1589 columns, and 13834 nonzeros.
Reduced MIP has 1576 binaries, 13 generals, 0 SOSs, and 0 indicators.
Presolve time = 0.01 sec. (15.72 ticks)
Tried aggregator 1 time.
Reduced MIP has 3426 rows, 1589 columns, and 13834 nonzeros.
Reduced MIP has 1576 binaries, 13 generals, 0 SOSs, and 0 indicators.
Presolve time = 0.00 sec. (8.73 ticks)
Represolve time = 0.34 sec. (800.22 ticks)
   2886     0        7.0000    43       14.0000      Cuts: 30    41940   50.00%
   2886     0        7.0000    51       14.0000     Cuts: 112    41962   50.00%
   2886     0        7.0000    35       14.0000       Cuts: 9    41996   50.00%
   2886     0        7.0000    49       14.0000     Cuts: 105    42064   50.00%
   2886     0        7.0000    37       14.0000      Cuts: 43    42108   50.00%
   2886     0        7.0000    53       14.0000      Cuts: 94    42165   50.00%
   2886     0        7.0000    58       14.0000     Cuts: 569    42188   50.00%
   2886     2        7.0000    32       14.0000        7.0000    42188   50.00%
   3195   118       13.0000    14       14.0000        7.0000    44997   50.00%
   4573  1199       12.0000    21       14.0000        7.0000    55914   50.00%
   6639  2679        9.0000    33       14.0000        7.0000    67165   50.00%
   8636  4524    infeasible             14.0000        7.0000    77778   50.00%
*  9632+ 4940                           13.0000        7.0000            46.15%
  11075  5474        7.0000    27       13.0000        7.0000    90494   46.15%
  12952  7480       10.0000    20       13.0000        7.0000   109725   46.15%
  14867  8956       12.0000    18       13.0000        7.0000   121342   46.15%
  17209 10957       11.0000    23       13.0000        7.0000   135433   46.15%
* 19867+12268                           12.0000        7.0000            41.67%
  20210 10507        7.0000    28       12.0000        7.0000   149782   41.67%
Elapsed time = 10.86 sec. (17560.84 ticks, tree = 12.76 MB, solutions = 7)
* 21783 11625      integral     0       11.0000        7.0000   159066   36.36%
  23235  7995        8.0055    36       11.0000        7.0000   166824   36.36%
  24179  9240       10.0000    33       11.0000        7.0000   178885   36.36%
  26310 11127        9.0000    24       11.0000        7.0000   196763   36.36%
  26861 11395        8.0004    55       11.0000        7.0000   199290   36.36%
  27952 12361    infeasible             11.0000        7.0000   207189   36.36%
  29046 13328       10.0000    32       11.0000        7.0000   214631   36.36%
  30180 14269       10.0000    26       11.0000        7.0000   222075   36.36%
  31237 15116       10.0000    32       11.0000        7.0000   230740   36.36%
  32214 15952       10.0000    14       11.0000        7.0000   240227   36.36%
  33271 16542        8.0000    31       11.0000        7.0000   247853   36.36%
Elapsed time = 17.85 sec. (27130.69 ticks, tree = 20.70 MB, solutions = 8)

Performing restart 2

Repeating presolve.
Tried aggregator 1 time.
MIP Presolve eliminated 924 rows and 612 columns.
Reduced MIP has 2502 rows, 977 columns, and 12351 nonzeros.
Reduced MIP has 964 binaries, 13 generals, 0 SOSs, and 0 indicators.
Presolve time = 0.01 sec. (12.16 ticks)
Tried aggregator 1 time.
MIP Presolve eliminated 54 rows and 14 columns.
MIP Presolve modified 28 coefficients.
Reduced MIP has 2448 rows, 963 columns, and 11371 nonzeros.
Reduced MIP has 950 binaries, 13 generals, 0 SOSs, and 0 indicators.
Presolve time = 0.01 sec. (10.36 ticks)
Tried aggregator 1 time.
MIP Presolve eliminated 8 rows and 0 columns.
MIP Presolve modified 24 coefficients.
Reduced MIP has 2440 rows, 963 columns, and 11355 nonzeros.
Reduced MIP has 950 binaries, 13 generals, 0 SOSs, and 0 indicators.
Presolve time = 0.01 sec. (11.28 ticks)
Represolve time = 0.09 sec. (110.64 ticks)
  33744     0        7.0000    38       11.0000      Cuts: 35   254606   36.36%
  33744     0        7.0000    56       11.0000     Cuts: 132   254659   36.36%
  33744     0        7.0000    34       11.0000      Cuts: 11   254686   36.36%
  33744     0        7.0000    49       11.0000     Cuts: 159   254725   36.36%
  33744     0        7.0000    33       11.0000      Cuts: 73   254742   36.36%
  33744     0        7.0000    53       11.0000     Cuts: 199   254781   36.36%
  33744     0        7.0000    49       11.0000      Cuts: 63   254813   36.36%
  33744     0        7.0000    53       11.0000     Cuts: 168   254860   36.36%
  33744     0        7.0000    35       11.0000      Cuts: 29   254870   36.36%
  33744     0        7.0000    58       11.0000     Cuts: 386   254907   36.36%

Repeating presolve.
Tried aggregator 1 time.
MIP Presolve eliminated 243 rows and 158 columns.
MIP Presolve modified 26 coefficients.
Reduced MIP has 2197 rows, 805 columns, and 12581 nonzeros.
Reduced MIP has 792 binaries, 13 generals, 0 SOSs, and 0 indicators.
Presolve time = 0.01 sec. (12.81 ticks)
Tried aggregator 1 time.
MIP Presolve eliminated 36 rows and 14 columns.
MIP Presolve modified 27 coefficients.
Reduced MIP has 2161 rows, 791 columns, and 11679 nonzeros.
Reduced MIP has 778 binaries, 13 generals, 0 SOSs, and 0 indicators.
Presolve time = 0.01 sec. (10.38 ticks)
Tried aggregator 1 time.
Reduced MIP has 2161 rows, 791 columns, and 11679 nonzeros.
Reduced MIP has 778 binaries, 13 generals, 0 SOSs, and 0 indicators.
Presolve time = 0.01 sec. (8.25 ticks)
Represolve time = 0.06 sec. (79.18 ticks)
  33744     0        7.0000    54       11.0000      Cuts: 66   255203   36.36%
  33744     0        7.0000    54       11.0000     Cuts: 171   255241   36.36%
  33744     0        7.0000    46       11.0000       Cuts: 6   255261   36.36%
  33744     0        7.0000    49       11.0000      Cuts: 57   255302   36.36%
  33744     0        7.0000    49       11.0000       Cuts: 5   255341   36.36%
  33744     0        7.0000    58       11.0000      Cuts: 71   255396   36.36%
  33744     0        7.0000    54       11.0000     Cuts: 263   255472   36.36%
  33744     0        7.0000    41       11.0000       Cuts: 7   255493   36.36%
  33744     0        7.0000    46       11.0000     Cuts: 480   255550   36.36%
  33744     2        7.0000    32       11.0000        7.0000   255550   36.36%
  33896    60        8.0000    44       11.0000        7.0000   258606   36.36%
  34263   205        9.0000    24       11.0000        7.0000   265103   36.36%
  34758   497        8.0000    39       11.0000        7.0000   270904   36.36%
  35252   791        9.0002    46       11.0000        7.0000   276339   36.36%
  35852  1114        7.0000    37       11.0000        7.0000   282214   36.36%
  36494  1563        8.0000    22       11.0000        7.0000   291007   36.36%
  37201  2164        9.0000    42       11.0000        7.0000   300040   36.36%
  37723  2517        7.0000    39       11.0000        7.0000   305846   36.36%
  38326  2973        7.0000    45       11.0000        7.0000   313077   36.36%
Elapsed time = 27.47 sec. (39406.36 ticks, tree = 2.14 MB, solutions = 8)
  38790  3374       10.0000    22       11.0000        7.0000   319156   36.36%
  39482  3917        9.0000    26       11.0000        7.0000   326781   36.36%
  39953  4258        7.0000    42       11.0000        7.0000   334658   36.36%
  40361  4604       10.0000    38       11.0000        7.0000   340141   36.36%
  40997  5110       10.0000    22       11.0000        7.0000   347565   36.36%
  41695  5639        8.0000    29       11.0000        7.0000   356689   36.36%
  42370  6155       10.0000    22       11.0000        7.0000   364870   36.36%
  42900  6720       10.0000    25       11.0000        7.0000   373906   36.36%
  43363  7041        7.0000    57       11.0000        7.0000   379120   36.36%
  43874  7440        9.0000    22       11.0000        7.0000   384192   36.36%
Elapsed time = 33.07 sec. (48962.39 ticks, tree = 5.28 MB, solutions = 8)
  44308  7805        9.0000    20       11.0000        7.0000   390295   36.36%
  44767  8152        8.0000    39       11.0000        7.0000   394943   36.36%
  45379  8569        7.0000    43       11.0000        7.0000   401765   36.36%
  45882  9106       10.0000    31       11.0000        7.0000   411332   36.36%
  46365  9583        9.0000    35       11.0000        7.0000   417067   36.36%
  46744  9825        9.0000    39       11.0000        7.0000   421535   36.36%
  47187 10165        9.0000    45       11.0000        7.0000   426543   36.36%
  47737 10468        9.0000    26       11.0000        7.0000   431383   36.36%
  48258 11071    infeasible             11.0000        7.0000   441375   36.36%
  48754 11493        9.0000    29       11.0000        7.0000   448121   36.36%
Elapsed time = 38.37 sec. (58510.23 ticks, tree = 8.30 MB, solutions = 8)
  49183 11980        9.0000    16       11.0000        7.0000   455848   36.36%
  49805 12378        9.0000    35       11.0000        7.0000   461636   36.36%
  50391 12700        8.0000    33       11.0000        7.0000   467381   36.36%
  50901 13108        8.0000    28       11.0000        7.0000   475515   36.36%
  51378 13736       10.0000    29       11.0000        7.0000   486071   36.36%
  51864 13982       10.0000    25       11.0000        7.0000   490429   36.36%
  52334 14322        8.0000    30       11.0000        7.0000   496550   36.36%
  52855 14799        9.0000    24       11.0000        7.0000   504566   36.36%
  53356 15269        9.0000    45       11.0000        7.0000   513303   36.36%
  54192 15671        8.0000    24       11.0000        7.0000   518543   36.36%
Elapsed time = 43.97 sec. (68068.66 ticks, tree = 11.10 MB, solutions = 8)
  54762 16328        9.0000    23       11.0000        7.0000   530145   36.36%
  55470 16862        9.0000    34       11.0000        7.0000   538994   36.36%
  56271 17216        8.0000    26       11.0000        7.0000   544727   36.36%
  57062 18041        8.0000    44       11.0000        7.0000   558081   36.36%
  57593 18716       10.0000    24       11.0000        7.0000   568527   36.36%
  58305 19191       10.0000    27       11.0000        7.0000   576539   36.36%
  58777 19446        9.0000    24       11.0000        7.0000   581841   36.36%
  59216 19897       10.0000    34       11.0000        7.0000   593654   36.36%
  59678 20104        8.0000    25       11.0000        7.0000   597781   36.36%
  60088 20541        7.0000    29       11.0000        7.0000   606797   36.36%
Elapsed time = 49.49 sec. (77623.02 ticks, tree = 15.08 MB, solutions = 8)
  60663 20745        9.0287    47       11.0000        7.0000   611234   36.36%
  61160 21404    infeasible             11.0000        7.0000   623221   36.36%
  61679 21726        9.0000    31       11.0000        7.0000   627827   36.36%
  62267 22222        9.0000    24       11.0000        7.0000   636365   36.36%
  62821 22698        8.0000    36       11.0000        7.0000   643287   36.36%
  63353 22866        9.0000    43       11.0000        7.0000   647662   36.36%
  64115 23701        9.0000    35       11.0000        7.0000   659882   36.36%
  64697 24088        9.0000    29       11.0000        7.0000   667072   36.36%
INFEASIBLE
[BinarySearch] Testing t = 8 in range [8, 9] ... FEASIBLE
nMAX... 
  IP... Version identifier: 22.1.1.0 | 2022-11-28 | 9160aff4d
CPXPARAM_Threads                                 4
CPXPARAM_TimeLimit                               3600
Tried aggregator 1 time.
MIP Presolve eliminated 14 rows and 6 columns.
MIP Presolve modified 1390 coefficients.
Reduced MIP has 1233 rows, 566 columns, and 4836 nonzeros.
Reduced MIP has 556 binaries, 10 generals, 0 SOSs, and 0 indicators.
Presolve time = 0.00 sec. (4.07 ticks)
Probing fixed 9 vars, tightened 0 bounds.
Probing time = 0.01 sec. (36.78 ticks)
Tried aggregator 1 time.
Detecting symmetries...
MIP Presolve eliminated 17 rows and 9 columns.
MIP Presolve modified 22 coefficients.
Reduced MIP has 1216 rows, 557 columns, and 4775 nonzeros.
Reduced MIP has 547 binaries, 10 generals, 0 SOSs, and 0 indicators.
Presolve time = 0.00 sec. (3.11 ticks)
Probing time = 0.00 sec. (4.27 ticks)
Clique table members: 2659.
MIP emphasis: balance optimality and feasibility.
MIP search method: dynamic search.
Parallel mode: deterministic, using up to 4 threads.
Root relaxation solution time = 0.01 sec. (4.36 ticks)

        Nodes                                         Cuts/
   Node  Left     Objective  IInf  Best Integer    Best Bound    ItCnt     Gap

      0     0        5.0000    48                      5.0000      164         
      0     0        5.0000    14                     Cuts: 2      165         
      0     0        5.0000    14                    Cuts: 21      191         
      0     0        5.0000    28                    Cuts: 18      214         
*     0+    0                           11.0000        5.0000            54.55%
Detecting symmetries...
      0     2        5.0000    16       11.0000        5.0000      214   54.55%
Elapsed time = 0.14 sec. (207.12 ticks, tree = 0.02 MB, solutions = 1)
*    16+    3                           10.0000        5.0000            50.00%
   1581  1247        8.0000    15       10.0000        5.0000     9935   50.00%
  65392 24706        9.0000    24       11.0000        7.0000   678902   36.36%

Performing restart 1

Repeating presolve.
Tried aggregator 1 time.
MIP Presolve eliminated 387 rows and 185 columns.
Reduced MIP has 829 rows, 372 columns, and 3138 nonzeros.
Reduced MIP has 364 binaries, 8 generals, 0 SOSs, and 0 indicators.
Presolve time = 0.00 sec. (2.04 ticks)
Tried aggregator 1 time.
MIP Presolve eliminated 17 rows and 9 columns.
MIP Presolve modified 22 coefficients.
Reduced MIP has 812 rows, 363 columns, and 3077 nonzeros.
Reduced MIP has 355 binaries, 8 generals, 0 SOSs, and 0 indicators.
Presolve time = 0.00 sec. (1.76 ticks)
Tried aggregator 1 time.
MIP Presolve modified 2 coefficients.
Reduced MIP has 812 rows, 363 columns, and 3077 nonzeros.
Reduced MIP has 355 binaries, 8 generals, 0 SOSs, and 0 indicators.
Presolve time = 0.00 sec. (2.14 ticks)
Represolve time = 0.01 sec. (32.19 ticks)
   2083     0        5.0000    15       10.0000      Cuts: 25    12829   50.00%
   2083     0        5.0000    25       10.0000      Cuts: 44    12857   50.00%
   2083     0        5.0000    26       10.0000       Cuts: 5    12869   50.00%
   2083     0        5.0000    23       10.0000     Cuts: 123    12886   50.00%
   2083     0        5.0000    30       10.0000     Cuts: 138    12934   50.00%
   2083     2        5.0000    14       10.0000        5.0000    12934   50.00%
   2683   211        6.0000    15       10.0000        5.0000    15221   50.00%
  66082 25142        9.0000    26       11.0000        7.0000   686673   36.36%
Elapsed time = 56.22 sec. (87167.59 ticks, tree = 18.23 MB, solutions = 8)
   3877   991        5.0000    14       10.0000        5.0000    20486   50.00%
*  3937+ 1107                            9.0000        5.0000            44.44%
*  4874+ 1523                            8.0000        5.0000            37.50%
   5434  1524        7.0000    16        8.0000        5.0000    30210   37.50%
  66721 25490       10.0000    24       11.0000        7.0000   694324   36.36%
   7837  2584    infeasible              8.0000        5.0000    39919   37.50%
  10273  4205        5.0000    22        8.0000        5.0000    51141   37.50%
  12462  5729        7.0000    15        8.0000        5.0000    61919   37.50%
  67250 26106        9.0000    27       11.0000        7.0000   706318   36.36%
  14538  7197        5.0000    18        8.0000        5.0000    72096   37.50%
  67840 26490        8.0024    50       11.0000        7.0000   715360   36.36%
  23687 13587        6.0000    21        8.0000        5.0000   121479   37.50%
Elapsed time = 2.89 sec. (3412.82 ticks, tree = 5.49 MB, solutions = 5)

Performing restart 2

Repeating presolve.
Tried aggregator 1 time.
MIP Presolve eliminated 217 rows and 146 columns.
MIP Presolve modified 58 coefficients.
Reduced MIP has 595 rows, 217 columns, and 2939 nonzeros.
Reduced MIP has 209 binaries, 8 generals, 0 SOSs, and 0 indicators.
Presolve time = 0.00 sec. (3.76 ticks)
Tried aggregator 1 time.
MIP Presolve eliminated 20 rows and 6 columns.
MIP Presolve modified 60 coefficients.
Reduced MIP has 575 rows, 211 columns, and 2745 nonzeros.
Reduced MIP has 203 binaries, 8 generals, 0 SOSs, and 0 indicators.
Presolve time = 0.00 sec. (2.17 ticks)
Tried aggregator 1 time.
MIP Presolve modified 32 coefficients.
Reduced MIP has 575 rows, 211 columns, and 2745 nonzeros.
Reduced MIP has 203 binaries, 8 generals, 0 SOSs, and 0 indicators.
Presolve time = 0.00 sec. (2.50 ticks)
Represolve time = 0.02 sec. (21.29 ticks)
  68614 27125        9.0000    27       11.0000        7.0000   728021   36.36%
  28303     0        5.0000    23        8.0000      Cuts: 99   146592   37.50%
  28303     0        5.0000    29        8.0000      Cuts: 21   146621   37.50%
  28303     0        5.0000    23        8.0000       Cuts: 2   146623   37.50%
  28303     0        5.0000    30        8.0000     Cuts: 133   146645   37.50%
  28303     0        5.0000    29        8.0000      Cuts: 47   146662   37.50%
  28303     0        5.0000    16        8.0000      Cuts: 13   146685   37.50%
  28303     0        5.0000    27        8.0000     Cuts: 198   146717   37.50%
  28303     0        5.0000    22        8.0000      Cuts: 99   146740   37.50%
  28531    86        6.0000    10        8.0000        5.0000   149310   37.50%
  69213 27683        8.0000    36       11.0000        7.0000   735162   36.36%
  69751 28054    infeasible             11.0000        7.0000   741385   36.36%
  31999  2444        7.0000    16        8.0000        5.0000   184037   37.50%
  70277 28573        9.0000    50       11.0000        7.0000   751029   36.36%
  70929 28849        9.0000    26       11.0000        7.0000   755528   36.36%
  36128  5551        7.0000    13        8.0000        5.0000   226849   37.50%
  71462 29497       10.0000    24       11.0000        7.0000   767752   36.36%
  40506  8801        7.0000    12        8.0000        5.0000   268794   37.50%
  44398 11560    infeasible              8.0000        5.0000   315692   37.50%
  73930 31207       10.0000    18       11.0000        7.0000   801524   36.36%
Elapsed time = 63.30 sec. (99577.64 ticks, tree = 22.39 MB, solutions = 8)
  48580 14633    infeasible              8.0000        5.0000   365006   37.50%
  53346 15893        6.0000    18        8.0000        6.0000   415284   25.00%
  76037 32976        8.0000    29       11.0000        7.0000   841364   36.36%
  58141 17628        7.0000    15        8.0000        6.0000   480891   25.00%
  62899 18971        7.0000    15        8.0000        6.0000   546265   25.00%
  67532 20784        7.0000    10        8.0000        6.0000   612472   25.00%
Elapsed time = 12.40 sec. (12952.90 ticks, tree = 7.13 MB, solutions = 5)
  78149 34528        9.0000    27       11.0000        7.0000   876821   36.36%
  72193 22869        7.0000    18        8.0000        6.0000   680077   25.00%
  76956 24732        6.0000    23        8.0000        6.0000   738997   25.00%
  81885 26337    infeasible              8.0000        6.0000   789082   25.00%
  80236 36127        8.0000    24       11.0000        7.0000   912246   36.36%
  86393 28360    infeasible              8.0000        6.0000   859128   25.00%
  90933 29988        6.0419    21        8.0000        6.0000   914174   25.00%
  82227 37569        9.0000    16       11.0000        7.0000   939724   36.36%
  96042 32046        7.0000    20        8.0000        6.0000   981096   25.00%
 100956 34367        7.0000    10        8.0000        6.0000  1064224   25.00%
  83950 38999       10.0000    32       11.0000        7.0000   968628   36.36%
 105836 36008        7.0000    15        8.0000        6.0000  1130740   25.00%
 110334 37595        7.0000    21        8.0000        6.0000  1203596   25.00%
  85952 40241        9.0000    48       11.0000        7.0000   995847   36.36%
 114606 38925        7.0000    12        8.0000        6.0000  1258993   25.00%
Elapsed time = 22.10 sec. (22490.75 ticks, tree = 13.74 MB, solutions = 5)
 118747 40320        6.0000    12        8.0000        6.0000  1313825   25.00%
  87700 41722       10.0000    42       11.0000        7.0000  1024899   36.36%
 123036 42361        7.0000     9        8.0000        6.0000  1391375   25.00%
 126898 43721        7.0000    17        8.0000        6.0000  1439292   25.00%
  89532 43195        9.0000    20       11.0000        7.0000  1057078   36.36%
 131360 45497        7.0000    20        8.0000        6.0000  1506267   25.00%
 135993 47029        6.0913    24        8.0000        6.0000  1574557   25.00%
 140299 48667        7.0000    13        8.0000        6.0000  1646663   25.00%
  91485 44591       10.0000    22       11.0000        7.0000  1083816   36.36%
 144650 49807    infeasible              8.0000        6.0000  1693908   25.00%
 148984 51673        7.0000     6        8.0000        6.0000  1778215   25.00%
  93310 46121        9.0000    39       11.0000        7.0000  1112082   36.36%
Elapsed time = 86.19 sec. (137745.84 ticks, tree = 33.94 MB, solutions = 8)
 153251 53061        6.0301    20        8.0000        6.0000  1833912   25.00%
 157699 54564        7.0000    12        8.0000        6.0000  1889578   25.00%
Elapsed time = 31.88 sec. (32029.05 ticks, tree = 18.31 MB, solutions = 5)
 161785 56426        6.0000    10        8.0000        6.0000  1959286   25.00%
  95044 47576        8.0000    45       11.0000        7.0000  1144857   36.36%
 165720 58118        7.0000    12        8.0000        6.0000  2024907   25.00%
 169994 59798        7.0000     6        8.0000        6.0000  2082740   25.00%
  96886 49076        9.0000    28       11.0000        7.0000  1173988   36.36%
 173840 61575    infeasible              8.0000        6.0000  2144096   25.00%
 177386 63059        7.0000    17        8.0000        6.0000  2201232   25.00%
  98879 50941        9.0000    28       11.0000        7.0000  1204613   36.36%
 181022 64934        6.0000    13        8.0000        6.0000  2262855   25.00%
 184527 66397        7.0000    10        8.0000        6.0000  2310719   25.00%
 188689 68615        7.0000    10        8.0000        6.0000  2375494   25.00%
 100904 52114        7.0000    46       11.0000        7.0000  1228768   36.36%
 192431 70413    infeasible              8.0000        6.0000  2430694   25.00%
 196541 72457        7.0000    10        8.0000        6.0000  2499660   25.00%
Elapsed time = 41.99 sec. (41567.75 ticks, tree = 26.39 MB, solutions = 5)
 102918 54037    infeasible             11.0000        7.0000  1261302   36.36%
 200694 73659        7.0000     8        8.0000        6.0012  2550939   24.99%
 205548 74852        7.0000    13        8.0000        6.0242  2633827   24.70%
 105187 55458       10.0000    43       11.0000        7.0000  1287624   36.36%
 210460 75299        7.0000     8        8.0000        6.0856  2697131   23.93%
 215806 75795        7.0000    12        8.0000        6.7431  2778759   15.71%
 107007 57242        7.0000    35       11.0000        7.0000  1316537   36.36%
 222566 74049        7.0000    22        8.0000        7.0000  2827975   12.50%
 229456 70965        7.0000     8        8.0000        7.0000  2899330   12.50%
 108971 58847        8.0000    24       11.0000        7.0000  1347055   36.36%
 236542 67460    infeasible              8.0000        7.0000  2978909   12.50%
 242967 64762    infeasible              8.0000        7.0000  3053703   12.50%
 110810 60410        9.0014    49       11.0000        7.0000  1379463   36.36%
 249466 62150    infeasible              8.0000        7.0000  3124278   12.50%
 255813 59942    infeasible              8.0000        7.0000  3187519   12.50%
Elapsed time = 52.07 sec. (51106.26 ticks, tree = 22.74 MB, solutions = 5)
 112967 62021        8.0000    31       11.0000        7.0000  1409987   36.36%
Elapsed time = 108.17 sec. (175909.42 ticks, tree = 44.83 MB, solutions = 8)
 262135 57161        7.0000     8        8.0000        7.0000  3265821   12.50%
 268282 54934        7.0000    10        8.0000        7.0000  3333579   12.50%
 114803 63423        9.0000    23       11.0000        7.0000  1435254   36.36%
 274542 52769    infeasible              8.0000        7.0000  3398416   12.50%
 280857 50040        7.0000    15        8.0000        7.0000  3481043   12.50%
 116891 64977        8.0000    24       11.0000        7.0000  1463821   36.36%
 286627 47720        7.0000    13        8.0000        7.0000  3567212   12.50%
 292175 46009    infeasible              8.0000        7.0000  3638066   12.50%
 118931 66720        9.0000    24       11.0000        7.0000  1497389   36.36%
 297551 44555        7.0000    13        8.0000        7.0000  3703809   12.50%
 303106 43034    infeasible              8.0000        7.0000  3771160   12.50%
 308812 41238        7.0000    18        8.0000        7.0000  3849625   12.50%
 314788 39714    infeasible              8.0000        7.0000  3912029   12.50%
Elapsed time = 61.34 sec. (60644.54 ticks, tree = 16.85 MB, solutions = 5)
 120881 68159        9.0000    47       11.0000        7.0000  1518370   36.36%
 320658 37948        7.0000    10        8.0000        7.0000  3987033   12.50%
 326292 35818        7.0000    10        8.0000        7.0000  4080945   12.50%
 331852 34556        7.0000    10        8.0000        7.0000  4157344   12.50%
 337199 33583    infeasible              8.0000        7.0000  4213435   12.50%
 122574 69897        9.0000    39       11.0000        7.0000  1543979   36.36%
 342598 32252    infeasible              8.0000        7.0000  4296287   12.50%
 347986 31045        7.0000    11        8.0000        7.0000  4367781   12.50%
 353128 29611    infeasible              8.0000        7.0000  4442475   12.50%
 358356 28206        7.0000     8        8.0000        7.0000  4520381   12.50%
 363262 27155    infeasible              8.0000        7.0000  4587814   12.50%
 124230 71212        8.0000    30       11.0000        7.0000  1563711   36.36%
 368399 25877        7.0000    17        8.0000        7.0000  4655635   12.50%
Elapsed time = 68.86 sec. (70184.85 ticks, tree = 12.81 MB, solutions = 5)
 373423 24751    infeasible              8.0000        7.0000  4727297   12.50%
 378749 22955        7.0000    10        8.0000        7.0000  4823249   12.50%
 383865 21480        7.0000    17        8.0000        7.0000  4899524   12.50%
 389207 20240        7.0000     9        8.0000        7.0000  4966161   12.50%
 126099 72889        8.0270    56       11.0000        7.0000  1587739   36.36%
 394110 18716        7.0000    14        8.0000        7.0000  5050517   12.50%
 399145 17636    infeasible              8.0000        7.0000  5117552   12.50%
 128402 74589        9.0000    18       11.0000        7.0000  1611963   36.36%
 403864 16361        7.0000    21        8.0000        7.0000  5192085   12.50%
 408720 15401    infeasible              8.0000        7.0000  5263299   12.50%
